0,3.01,93792.20,0.86,0.12,34.09,646.93,33.00
1686664292,3.09,93789.37,0.89,0.12,34.09,647.18,33.00
1686664296,3.09,93789.55,0.00,0.12,34.09,647.16,33.00
1686664298,3.09,93788.38,0.83,0.12,34.13,647.26,33.00
1686664305,3.03,93793.25,0.85,0.12,34.14,646.83,32.00
1686664310,3.07,93789.95,0.90,0.12,34.14,647.13,32.00
1686664313,2.99,93789.28,0.90,0.12,34.14,647.19,33.00
1686664315,3.02,93789.16,0.83,0.12,34.14,647.26,33.00
1686664323,3.02,93786.09,0.84,0.12,34.16,647.47,33.00
1686664404,3.10,93795.47,0.88,0.25,34.16,646.64,33.00
1686664406,3.03,93792.88,0.89,0.24,34.14,646.87,33.00
1686664410,3.06,93792.90,0.87,0.24,34.15,646.87,33.00
1686664414,3.01,93788.84,0.84,0.24,34.15,647.22,33.00
1686664417,3.08,93789.84,0.88,0.25,34.15,647.14,33.00
1686664422,3.09,93791.86,0.88,0.25,34.14,646.96,33.00
1686664427,3.06,93793.73,0.85,0.24,34.15,646.79,32.00
1686664434,3.07,93790.49,0.85,0.25,34.14,647.08,32.00
1686664441,3.07,93794.78,0.00,0.25,34.16,646.70,32.00
1686664444,3.07,93792.21,0.88,0.25,34.15,646.93,32.00
1686664448,3.08,93796.35,0.89,0.25,34.16,646.56,33.00
1686664451,3.08,93797.88,0.88,0.25,34.16,646.42,33.00
1686664461,3.11,93791.58,1.04,0.25,34.16,646.98,34.00
1686664465,3.02,93794.95,0.87,0.24,34.16,646.68,32.00
1686664468,3.06,93793.30,0.91,0.24,34.16,646.83,32.00
1686664476,3.12,93800.27,0.92,0.25,34.17,646.21,32.00
1686664478,3.02,93796.86,0.86,0.24,34.16,646.51,32.00
1686664484,3.07,93798.17,0.87,0.25,34.16,646.40,32.00
1686664488,3.08,93797.63,0.87,0.25,34.15,646.44,32.00
1686664492,3.08,93797.53,0.87,0.25,34.16,646.45,32.00
1686664500,3.07,93797.22,0.88,0.25,34.17,646.48,33.00
1686664503,3.10,93796.52,0.87,0.25,34.16,646.54,32.00
1686664507,3.07,93798.91,0.89,0.25,34.17,646.33,32.00
1686664515,3.07,93796.20,0.90,0.25,34.17,646.57,32.00
1686664520,3.06,93798.22,0.87,0.24,34.16,646.39,32.00
1686664523,3.07,93798.17,0.89,0.25,34.16,646.40,32.00
1686664530,3.06,93797.22,0.89,0.24,34.17,646.48,32.00
1686664532,3.08,93798.08,0.89,0.25,34.17,646.41,32.00
1686664535,3.08,93797.55,0.91,0.25,34.16,646.45,33.00
1686664539,3.06,93800.60,0.88,0.24,34.17,646.18,32.00
1686664545,3.08,93797.22,0.89,0.25,34.17,646.48,32.00
1686664552,3.07,93800.58,0.89,0.25,34.16,646.18,33.00
1686664558,3.04,93800.94,0.89,0.24,34.17,646.15,32.00
1686664561,3.02,93801.70,0.85,0.24,34.16,646.08,32.00
1686664564,3.01,93802.30,0.89,0.24,34.17,646.03,33.00
1686664567,3.06,93797.08,0.88,0.24,34.17,646.49,33.00
1686664568,3.05,93801.32,0.81,0.24,34.17,646.12,33.00
1686664574,3.21,93800.34,0.90,0.26,34.16,646.21,33.00
1686664578,3.07,93799.86,0.92,0.25,34.16,646.25,32.00
1686664587,2.81,93800.67,0.00,0.22,34.15,646.18,32.00
1686664590,3.08,93801.20,0.88,0.25,34.16,646.13,32.00
1686664597,3.07,93801.94,0.92,0.25,34.16,646.06,32.00
1686664604,3.04,93801.69,0.92,0.24,34.15,646.09,32.00
1686664611,3.07,93801.67,0.89,0.25,34.15,646.09,33.00
1686664614,3.09,93802.27,0.87,0.25,34.16,646.03,32.00
1686664617,3.04,93805.44,0.85,0.24,34.16,645.75,33.00
1686664621,3.00,93802.05,0.89,0.24,34.16,646.05,32.00
1686664631,3.06,93799.52,0.87,0.24,34.16,646.28,32.00
1686664634,3.08,93806.02,0.90,0.25,34.17,645.70,32.00
1686664636,2.85,93805.48,0.82,0.23,34.16,645.74,32.00
1686664638,3.07,93805.20,0.89,0.25,34.17,645.77,33.00
1686664642,3.07,93801.11,0.88,0.25,34.17,646.14,32.00
1686664648,3.09,93802.70,0.92,0.25,34.15,646.00,32.00
1686664652,3.06,93803.06,0.88,0.24,34.16,645.96,32.00
1686664655,3.14,93803.74,0.89,0.25,34.16,645.90,32.00
1686664663,3.07,93803.20,0.91,0.25,34.15,645.95,32.00
1686664667,3.07,93803.73,0.90,0.25,34.16,645.90,32.00
1686664672,3.07,93802.72,0.91,0.25,34.16,645.99,32.00
1686664674,3.00,93804.55,0.80,0.24,34.15,645.83,32.00
1686664678,3.04,93800.88,0.89,0.24,34.16,646.16,32.00
1686664680,3.21,93803.81,0.83,0.26,34.17,645.90,32.00
1686664683,2.96,93805.98,0.90,0.24,34.16,645.71,32.00
1686664687,3.09,93805.14,0.92,0.25,34.16,645.78,32.00
1686664693,3.05,93805.50,0.85,0.24,34.17,645.75,33.00
1686664697,3.04,93803.41,0.86,0.24,34.16,645.93,32.00
1686664702,3.07,93805.74,0.89,0.25,34.15,645.73,32.00
1686664704,3.07,93808.14,0.90,0.25,34.16,645.51,32.00
1686664709,3.06,93807.86,0.89,0.24,34.16,645.54,33.00
1686664714,3.11,93805.44,0.89,0.25,34.16,645.75,33.00
1686664716,3.02,93805.09,0.83,0.24,34.16,645.78,33.00
1686664720,3.12,93806.11,0.89,0.25,34.16,645.69,32.00
1686664730,3.08,93807.01,0.87,0.25,34.16,645.61,32.00
1686664734,3.06,93804.91,0.89,0.24,34.16,645.80,32.00
1686664738,3.07,93805.44,0.89,0.25,34.16,645.75,32.00
1686664746,3.07,93805.14,0.91,0.25,34.16,645.78,32.00
1686664751,3.07,93804.46,0.87,0.25,34.16,645.84,32.00
1686664754,2.93,93804.67,1.02,0.23,34.17,645.82,32.00
1686664759,2.87,93804.66,0.90,0.23,34.17,645.82,32.00
1686664764,3.17,93806.34,0.89,0.25,34.17,645.67,32.00
1686664769,3.07,93805.36,0.92,0.25,34.17,645.76,32.00
1686664772,3.08,93806.53,0.90,0.25,34.17,645.66,32.00
1686664773,3.01,93805.86,0.81,0.24,34.17,645.72,32.00
1686664777,3.07,93810.60,0.90,0.25,34.17,645.30,32.00
1686664783,3.07,93810.25,0.89,0.25,34.17,645.33,32.00
1686664790,3.07,93808.73,0.91,0.25,34.17,645.46,32.00
1686664794,3.07,93805.70,0.92,0.25,34.17,645.73,32.00
1686664800,3.11,93806.69,0.94,0.25,34.17,645.64,32.00
1686664811,3.07,93808.38,0.89,0.25,34.17,645.42,32.00
1686664815,3.02,93808.41,0.81,0.24,34.17,645.49,32.00
1686664816,3.01,93808.55,0.84,0.24,34.17,645.48,32.00
1686664821,3.07,93809.04,0.91,0.25,34.16,645.43,32.00
1686664826,3.06,93809.72,0.83,0.24,34.16,645.37,32.00
1686664831,3.07,93808.18,0.86,0.25,34.16,645.51,32.00
1686664834,3.08,93805.81,0.89,0.25,34.16,645.72,32.00
1686664838,3.07,93810.09,0.81,0.25,34.18,645.34,32.00
1686664842,2.99,93811.30,0.86,0.24,34.17,645.23,32.00
1686664843,2.97,93809.27,0.82,0.24,34.17,645.41,32.00
1686664849,3.02,93811.11,0.85,0.24,34.17,645.58,32.00
1686664852,3.09,93806.73,0.89,0.25,34.17,645.64,32.00
1686664861,2.88,93808.58,0.90,0.23,34.17,645.48,32.00
1686664865,3.06,93808.59,0.88,0.24,34.17,645.47,32.00
1686664870,3.07,93808.08,0.90,0.25,34.17,645.52,32.00
1686664873,3.07,93810.42,0.89,0.25,34.17,645.31,32.00
1686664881,3.16,93807.70,0.89,0.25,34.17,645.55,32.00
1686664887,3.06,93808.89,0.92,0.24,34.17,645.45,32.00
1686664895,3.12,93807.67,0.92,0.25,34.16,645.56,32.00
1686664897,3.02,93808.01,0.83,0.24,34.16,645.53,32.00
1686664902,3.04,93809.91,0.91,0.24,34.17,645.36,32.00
1686664908,3.10,93809.70,0.90,0.25,34.16,645.37,32.00
1686664911,3.03,93810.55,0.92,0.24,34.16,645.30,32.00
1686664914,3.18,93810.66,0.88,0.25,34.16,645.29,32.00
1686664921,3.09,93809.33,0.92,0.25,34.16,645.41,32.00
1686664924,3.07,93812.19,0.92,0.25,34.16,645.15,32.00
1686664927,3.09,93812.00,0.95,0.25,34.15,645.17,32.00
1686664932,3.02,93809.80,0.89,0.24,34.15,645.37,32.00
1686664935,3.09,93811.81,0.89,0.25,34.15,645.19,32.00
1686664940,3.09,93810.48,0.92,0.25,34.15,645.31,32.00
1686664945,3.08,93810.83,1.08,0.25,34.16,645.28,32.00
1686664946,3.06,93810.97,0.82,0.24,34.15,645.26,32.00
1686664952,3.11,93811.83,0.89,0.25,34.15,645.19,33.00
1686664956,3.10,93811.67,0.91,0.25,34.16,645.20,32.00
1686664966,3.09,93814.05,0.91,0.25,34.16,644.99,32.00
1686664970,3.09,93813.35,0.92,0.25,34.15,645.05,32.00
1686664976,3.09,93808.97,0.90,0.25,34.16,645.44,32.00
1686664979,3.09,93812.35,0.89,0.25,34.16,645.14,32.00
1686664982,3.09,93813.88,0.99,0.25,34.16,645.01,32.00
1686664988,3.19,93815.91,0.92,0.26,34.16,644.83,32.00
1686664996,2.89,93813.55,0.89,0.23,34.16,645.03,32.00
1686664999,3.17,93815.20,0.92,0.25,34.15,644.81,32.00
1686665008,3.09,93814.45,0.89,0.25,34.16,644.95,32.00
1686665016,3.06,93818.48,0.84,0.24,34.16,644.60,32.00
1686665019,3.08,93815.88,0.86,0.25,34.15,645.17,32.00
1686665022,3.09,93815.52,0.91,0.25,34.14,644.86,32.00
1686665025,3.09,93811.66,0.88,0.25,34.15,645.20,32.00
1686665030,3.08,93815.38,0.89,0.25,34.15,644.87,32.00
1686665037,3.18,93811.39,0.86,0.25,34.16,645.23,32.00
1686665041,3.09,93811.86,0.89,0.25,34.16,645.18,32.00
1686665045,3.08,93814.94,0.88,0.25,34.16,644.91,32.00
1686665051,3.10,93811.60,0.82,0.25,34.17,645.21,32.00
1686665057,2.93,93813.48,0.92,0.23,34.17,645.04,32.00
1686665058,3.02,93813.13,0.86,0.24,34.17,645.07,32.00
1686665062,3.09,93816.16,0.92,0.25,34.17,644.80,32.00
1686665065,3.09,93816.84,0.90,0.25,34.17,644.74,33.00
1686665072,3.08,93816.67,0.00,0.25,34.17,644.76,33.00
1686665076,3.08,93815.81,0.87,0.25,34.17,644.83,32.00
1686665082,3.04,93817.02,0.98,0.24,34.17,644.73,33.00
1686665086,3.04,93813.42,0.85,0.24,34.16,645.05,33.00
1686665092,3.02,93818.06,0.90,0.24,34.15,644.63,33.00
1686665104,3.09,93816.56,0.92,0.25,34.15,644.77,32.00
1686665105,3.02,93814.21,0.81,0.24,34.16,644.98,32.00
1686665110,3.07,93816.72,0.87,0.25,34.15,644.75,32.00
1686665115,3.08,93817.39,0.00,0.25,34.15,644.69,32.00
1686665116,3.06,93813.86,0.82,0.24,34.15,645.01,32.00
1686665120,3.13,93815.66,0.92,0.25,34.14,644.85,32.00
1686665126,3.15,93816.98,0.98,0.25,34.13,644.73,32.00
1686665129,3.21,93816.95,1.07,0.26,34.13,644.73,32.00
1686665134,3.19,93815.58,0.98,0.26,34.13,644.85,32.00
1686665137,3.09,93817.33,0.97,0.25,34.13,644.70,32.00
1686665140,3.17,93817.34,0.98,0.25,34.14,644.70,32.00
1686665152,3.15,93820.55,0.93,0.25,34.14,644.41,32.00
1686665156,3.16,93821.67,0.96,0.25,34.13,644.31,32.00
1686665162,3.16,93822.61,0.97,0.25,34.14,644.23,32.00
1686665175,3.03,93818.67,0.94,0.24,34.13,644.58,32.00
1686665180,3.11,93818.35,0.88,0.25,34.14,644.61,32.00
1686665185,3.15,93822.73,1.03,0.25,34.13,644.22,32.00
1686665190,3.09,93820.30,0.96,0.25,34.12,644.44,32.00
1686665200,3.02,93821.48,0.00,0.24,34.12,644.33,32.00
1686665208,3.12,93817.92,0.99,0.25,34.12,644.65,32.00
1686665212,3.21,93818.94,0.89,0.26,34.13,644.56,32.00
1686665216,3.10,93818.67,0.91,0.25,34.13,644.60,32.00
1686665221,3.09,93820.32,0.90,0.25,34.13,644.43,32.00
1686665224,3.07,93817.28,0.87,0.25,34.13,644.70,32.00
1686665227,3.13,93821.49,0.95,0.25,34.12,644.33,32.00
1686665228,3.04,93819.95,0.82,0.24,34.12,644.47,32.00
1686665231,3.15,93817.07,0.89,0.25,34.12,644.72,32.00
1686665236,3.14,93822.30,0.90,0.25,34.12,644.26,32.00
1686665240,3.09,93817.70,0.92,0.25,34.11,644.67,32.00
1686665242,3.09,93822.11,0.82,0.25,34.11,644.28,32.00
1686665243,3.09,93820.91,0.84,0.25,34.11,644.38,32.00
1686665245,3.07,93822.61,0.84,0.25,34.11,644.23,32.00
1686665246,3.09,93819.04,0.87,0.25,34.11,644.55,32.00
1686665247,3.09,93819.89,0.82,0.25,34.11,644.47,32.00
1686665249,3.10,93822.45,0.88,0.25,34.11,644.25,32.00
1686665254,3.11,93820.49,0.89,0.25,34.10,644.42,32.00
1686665255,3.04,93819.31,0.81,0.24,34.10,644.52,32.00
1686665256,3.08,93821.38,0.89,0.25,34.10,644.34,32.00
1686665258,3.20,93820.21,0.85,0.26,34.10,644.44,32.00
1686665259,3.08,93819.48,0.89,0.25,34.10,644.51,32.00
1686665260,3.03,93821.17,0.82,0.24,34.10,644.36,32.00
1686665263,3.09,93820.66,0.86,0.25,34.09,644.40,32.00
1686665265,3.02,93819.49,0.84,0.24,34.10,644.51,32.00
1686665269,3.08,93819.31,0.90,0.25,34.10,644.52,32.00
1686665272,3.13,93817.25,0.97,0.25,34.09,644.71,32.00
1686665276,3.09,93821.25,0.85,0.25,34.08,644.35,32.00
1686665277,3.05,93820.25,0.81,0.24,34.08,644.44,32.00
1686665280,3.09,93817.02,0.88,0.25,34.08,644.73,32.00
1686665281,2.94,93820.58,0.88,0.23,34.08,644.41,32.00
1686665282,3.06,93816.66,0.89,0.24,34.07,644.76,32.00
1686665284,3.04,93820.23,0.00,0.24,34.08,644.44,32.00
1686665287,2.93,93819.92,0.88,0.23,34.08,644.47,32.00
1686665289,3.04,93821.13,0.84,0.24,34.09,644.36,32.00
1686665291,3.11,93821.63,0.00,0.25,34.09,644.32,32.00
1686665292,3.08,93820.14,0.89,0.25,34.09,644.45,32.00
1686665293,3.05,93820.45,0.00,0.24,34.09,644.42,32.00
1686665298,3.10,93820.30,0.89,0.25,34.09,644.44,32.00
1686665299,3.04,93820.63,0.87,0.24,34.09,644.41,32.00
1686665301,3.12,93821.13,0.87,0.25,34.09,644.36,32.00
1686665304,3.07,93817.09,0.92,0.25,34.09,644.72,32.00
1686665305,3.02,93817.25,0.00,0.24,34.09,644.71,32.00
1686665308,3.11,93820.63,0.89,0.25,34.09,644.41,32.00
1686665309,3.02,93819.61,0.82,0.24,34.09,644.50,32.00
1686665312,3.07,93817.25,0.92,0.25,34.09,644.71,32.00
1686665314,3.04,93819.44,0.87,0.24,34.09,644.51,31.00
1686665316,3.08,93819.25,0.92,0.25,34.08,644.53,31.00
1686665319,3.06,93819.63,0.89,0.24,34.09,644.50,31.00
1686665323,3.07,93821.89,0.88,0.25,34.10,644.29,31.00
1686665325,3.02,93821.00,0.83,0.24,34.10,644.37,31.00
1686665327,3.07,93822.06,0.89,0.25,34.10,644.28,31.00
1686665332,3.07,93815.63,0.88,0.25,34.10,644.85,31.00
1686665333,3.01,93818.67,0.84,0.24,34.10,644.58,31.00
1686665335,3.07,93820.37,0.88,0.25,34.10,644.43,31.00
1686665337,3.07,93818.50,0.96,0.25,34.10,644.60,31.00
1686665340,3.07,93818.52,0.89,0.25,34.10,644.59,31.00
1686665343,3.17,93817.28,0.85,0.25,34.10,644.70,31.00
1686665345,3.10,93819.69,1.05,0.25,34.10,644.49,31.00
1686665346,3.14,93817.83,0.90,0.25,34.10,644.66,31.00
1686665347,3.09,93816.34,0.00,0.25,34.11,644.79,31.00
1686665348,3.07,93813.95,0.90,0.25,34.10,645.00,31.00
1686665351,3.07,93819.21,0.87,0.25,34.11,644.53,31.00
1686665354,3.06,93817.20,0.00,0.24,34.11,644.71,31.00
1686665356,3.09,93819.70,0.81,0.25,34.10,644.49,31.00
1686665365,3.06,93816.50,0.85,0.24,34.11,644.77,31.00
1686665366,3.02,93821.61,0.83,0.24,34.11,644.32,31.00
1686665369,3.07,93820.39,0.87,0.25,34.11,644.43,31.00
1686665373,3.09,93818.58,0.89,0.25,34.12,644.59,31.00
1686665374,3.04,93817.05,0.00,0.24,34.12,644.72,31.00
1686665375,3.07,93821.98,0.89,0.25,34.12,644.29,31.00
1686665377,3.06,93816.92,0.87,0.24,34.12,644.74,31.00
1686665380,3.09,93818.61,0.89,0.25,34.12,644.59,31.00
1686665387,3.07,93816.04,0.89,0.25,34.12,644.81,31.00
1686665388,2.99,93820.80,0.83,0.24,34.13,644.39,31.00
1686665389,3.06,93818.08,0.86,0.24,34.12,644.63,32.00
1686665392,3.18,93817.42,0.82,0.25,34.12,644.69,32.00
1686665395,3.08,93816.73,0.89,0.25,34.12,644.75,33.00
1686665399,3.07,93821.76,0.85,0.25,34.11,644.31,33.00
1686665406,3.02,93819.89,0.83,0.24,34.11,644.47,33.00
1686665410,3.04,93822.08,0.89,0.24,34.11,644.28,33.00
1686665413,3.08,93818.90,0.92,0.25,34.11,644.56,33.00
1686665414,3.02,93817.20,0.81,0.24,34.11,644.71,33.00
1686665418,3.09,93817.58,0.87,0.25,34.12,644.68,33.00
1686665423,3.02,93817.90,0.87,0.24,34.12,644.65,33.00
1686665425,3.02,93821.47,0.81,0.24,34.12,644.33,33.00
1686665428,3.03,93821.61,0.89,0.24,34.11,644.32,33.00
1686665429,3.02,93820.25,0.81,0.24,34.11,644.47,33.00
1686665432,3.07,93818.23,1.00,0.25,34.12,644.62,33.00
1686665439,3.07,93817.50,0.90,0.25,34.10,644.68,33.00
1686665440,2.97,93816.52,0.85,0.24,34.11,644.77,33.00
1686665443,3.05,93820.02,0.92,0.24,34.10,644.46,33.00
1686665444,2.93,93817.49,0.85,0.23,34.10,644.69,33.00
1686665449,3.09,93816.95,0.00,0.25,34.10,644.73,33.00
1686665452,3.08,93817.97,0.89,0.25,34.10,644.64,33.00
1686665455,3.04,93819.48,0.97,0.24,34.09,644.51,33.00
1686665458,2.95,93819.97,0.90,0.24,34.09,644.47,32.00
1686665464,3.07,93817.62,0.85,0.25,34.10,644.67,32.00
1686665468,3.03,93815.27,0.90,0.24,34.10,644.88,32.00
1686665471,3.04,93818.28,0.88,0.24,34.09,644.62,32.00
1686665473,3.02,93818.45,0.81,0.24,34.09,644.60,32.00
1686665478,3.07,93819.80,0.89,0.25,34.09,644.48,32.00
1686665479,3.04,93816.62,0.88,0.24,34.10,644.76,32.00
1686665481,3.09,93818.48,0.89,0.25,34.10,644.60,32.00
1686665484,3.10,93818.14,0.88,0.25,34.10,644.63,32.00
1686665492,3.04,93817.78,0.87,0.24,34.10,644.66,32.00
1686665495,3.07,93817.67,0.89,0.25,34.10,644.67,32.00
1686665497,3.06,93818.88,0.89,0.24,34.11,644.56,32.00
1686665498,3.02,93818.47,0.81,0.24,34.10,644.60,32.00
1686665502,3.06,93818.67,0.89,0.24,34.10,644.58,32.00
1686665505,3.00,93816.77,0.89,0.24,34.09,644.75,32.00
1686665507,3.06,93816.77,0.87,0.24,34.09,644.75,32.00
1686665512,3.06,93817.30,0.91,0.24,34.10,644.70,32.00
1686665515,3.06,93814.91,0.86,0.24,34.09,644.91,32.00
1686665517,3.23,93820.16,0.85,0.26,34.09,644.45,32.00
1686665519,3.08,93817.11,0.89,0.25,34.09,644.72,33.00
1686665522,3.06,93816.27,0.88,0.24,34.09,644.79,33.00
1686665525,3.07,93817.30,0.93,0.25,34.10,644.70,33.00
1686665528,2.64,93823.04,0.90,0.21,34.10,644.19,33.00
1686665530,3.07,93818.28,0.87,0.25,34.09,644.62,33.00
1686665533,3.06,93820.13,0.88,0.24,34.09,644.45,33.00
1686665540,3.08,93815.08,0.82,0.25,34.09,644.90,33.00
1686665542,3.08,93818.35,0.91,0.25,34.10,644.53,33.00
1686665546,3.02,93817.28,0.85,0.24,34.10,644.70,33.00
1686665549,3.07,93819.31,0.85,0.25,34.10,644.52,33.00
1686665551,3.12,93815.76,0.90,0.25,34.10,644.84,33.00
1686665552,3.02,93817.45,0.83,0.24,34.10,644.69,33.00
1686665555,3.04,93815.09,0.00,0.24,34.10,644.90,33.00
1686665558,3.05,93819.31,0.84,0.24,34.10,644.52,33.00
1686665569,3.06,93816.11,0.90,0.24,34.10,644.81,33.00
1686665572,3.06,93819.48,0.89,0.24,34.10,644.51,33.00
1686665577,3.06,93817.95,0.92,0.24,34.09,644.64,33.00
1686665578,3.02,93818.84,0.87,0.24,34.10,644.57,33.00
1686665582,3.07,93820.90,0.89,0.25,34.11,644.38,33.00
1686665586,3.09,93817.66,0.88,0.25,34.10,644.67,33.00
1686665589,3.07,93816.98,0.89,0.25,34.10,644.73,33.00
1686665592,3.08,93817.34,0.00,0.25,34.10,644.70,33.00
1686665598,3.06,93817.00,0.97,0.24,34.10,644.73,33.00
1686665600,3.02,93818.86,0.84,0.24,34.10,644.56,33.00
1686665602,3.05,93818.36,0.92,0.24,34.11,644.61,32.00
1686665606,3.07,93818.21,0.89,0.25,34.11,644.62,32.00
1686665609,3.08,93818.55,0.93,0.25,34.11,644.59,32.00
1686665610,3.02,93815.49,0.81,0.24,34.11,644.86,32.00
1686665613,3.05,93819.11,0.93,0.24,34.12,644.54,32.00
1686665615,3.05,93814.50,0.89,0.24,34.11,644.95,32.00
1686665625,3.05,93819.42,0.85,0.24,34.12,644.51,32.00
1686665629,3.09,93816.56,0.92,0.25,34.12,644.77,32.00
1686665631,3.01,93815.70,0.84,0.24,34.12,644.84,32.00
1686665634,3.07,93816.02,0.84,0.25,34.11,644.82,33.00
1686665636,3.02,93818.36,0.85,0.24,34.11,644.61,33.00
1686665641,3.10,93817.73,0.89,0.25,34.12,644.66,32.00
1686665643,3.05,93819.39,0.88,0.24,34.11,644.52,33.00
1686665647,3.09,93815.49,0.83,0.25,34.11,644.86,32.00
1686665652,3.04,93821.49,0.83,0.24,34.12,644.33,33.00
1686665654,3.02,93817.22,0.89,0.24,34.12,644.71,33.00
1686665659,3.07,93817.61,0.88,0.25,34.12,644.67,33.00
1686665661,3.09,93817.92,0.88,0.25,34.13,644.65,32.00
1686665663,3.07,93820.48,0.88,0.25,34.13,644.42,32.00
1686665666,3.07,93820.64,0.89,0.25,34.13,644.41,32.00
1686665667,3.02,93818.44,0.84,0.24,34.13,644.60,32.00
1686665670,3.07,93817.59,0.87,0.25,34.13,644.68,32.00
1686665677,3.06,93817.28,0.90,0.24,34.13,644.70,32.00
1686665679,3.05,93820.76,0.92,0.24,34.14,644.40,32.00
1686665682,3.06,93818.35,0.91,0.24,34.14,644.58,32.00
1686665686,3.06,93815.49,0.00,0.24,34.14,644.86,32.00
1686665687,3.02,93819.22,0.84,0.24,34.14,644.53,32.00
1686665692,3.07,93821.32,0.89,0.25,34.13,644.35,32.00
1686665696,3.00,93820.16,0.90,0.24,34.13,644.45,32.00
1686665699,3.09,93816.83,0.89,0.25,34.14,644.74,32.00
1686665706,3.09,93818.88,1.08,0.25,34.14,644.56,32.00
1686665707,3.02,93821.58,0.82,0.24,34.14,644.32,32.00
1686665712,3.07,93819.87,0.89,0.25,34.14,644.47,32.00
1686665716,3.07,93818.30,0.83,0.25,34.13,644.61,32.00
1686665719,3.10,93821.89,0.87,0.25,34.13,644.29,32.00
1686665723,3.07,93820.53,0.95,0.25,34.13,644.42,32.00
1686665728,3.05,93820.83,0.00,0.24,34.13,644.39,32.00
1686665731,3.09,93817.49,0.87,0.25,34.13,644.69,32.00
1686665737,3.01,93819.70,0.89,0.24,34.14,644.49,32.00
1686665741,3.04,93820.83,0.88,0.24,34.13,644.39,32.00
1686665743,3.12,93821.05,0.82,0.25,34.14,644.37,32.00
1686665746,3.08,93821.72,0.92,0.25,34.13,644.31,32.00
1686665748,3.04,93819.70,0.00,0.24,34.14,644.49,32.00
1686665751,3.07,93819.30,0.89,0.25,34.13,644.52,32.00
1686665754,3.07,93821.32,0.91,0.25,34.13,644.35,32.00
1686665756,3.07,93821.72,0.92,0.25,34.13,644.31,32.00
1686665761,3.08,93821.16,0.88,0.25,34.12,644.36,32.00
1686665764,3.05,93821.14,0.86,0.24,34.13,644.36,32.00
1686665766,3.07,93820.14,0.91,0.25,34.12,644.45,32.00
1686665769,3.06,93824.02,0.90,0.24,34.12,644.11,32.00
1686665772,3.06,93819.13,0.88,0.24,34.12,644.54,32.00
1686665774,3.02,93823.88,0.81,0.24,34.13,644.12,32.00
1686665778,3.06,93819.14,0.91,0.24,34.13,644.54,32.00
1686665780,2.94,93820.31,0.82,0.24,34.13,644.44,32.00
1686665784,3.07,93818.62,0.88,0.25,34.13,644.59,32.00
1686665786,3.02,93818.34,1.05,0.24,34.13,644.61,32.00
1686665789,3.08,93824.70,0.86,0.25,34.13,644.05,32.00
1686665792,3.11,93822.50,0.94,0.25,34.13,644.24,32.00
1686665794,3.06,93820.98,0.00,0.24,34.13,644.38,32.00
1686665796,3.03,93821.83,0.94,0.24,34.13,644.30,32.00
1686665799,3.08,93818.59,0.97,0.25,34.12,644.59,32.00
1686665803,3.09,93822.50,0.87,0.25,34.12,644.02,32.00
1686665815,3.08,93823.16,0.82,0.25,34.12,644.18,32.00
1686665817,3.05,93826.05,0.83,0.24,34.12,643.93,32.00
1686665820,3.07,93817.61,0.89,0.25,34.13,644.67,32.00
1686665823,3.07,93822.16,0.87,0.25,34.13,644.27,32.00
1686665824,3.02,93824.03,0.88,0.24,34.13,644.08,32.00
1686665827,3.06,93822.75,0.90,0.24,34.14,644.29,32.00
1686665829,3.02,93823.61,0.97,0.24,34.14,644.14,32.00
1686665831,3.09,93825.78,0.91,0.25,34.14,643.95,32.00
1686665836,3.07,93822.52,0.89,0.25,34.13,644.24,32.00
1686665838,3.02,93819.14,0.86,0.24,34.13,644.54,32.00
1686665839,3.12,93821.49,0.86,0.25,34.13,644.33,32.00
1686665842,2.86,93822.48,0.89,0.23,34.12,644.24,32.00
1686665845,3.04,93822.00,0.89,0.24,34.13,644.29,32.00
1686665849,3.09,93820.95,0.87,0.25,34.12,644.38,32.00
1686665853,3.08,93824.35,0.87,0.25,34.13,644.08,32.00
1686665860,3.07,93821.30,0.91,0.25,34.12,644.35,32.00
1686665864,3.01,93821.83,0.91,0.24,34.13,644.30,32.00
1686665867,3.09,93821.66,0.92,0.25,34.13,644.32,32.00
1686665870,3.07,93823.88,0.88,0.25,34.13,644.12,32.00
1686665873,3.08,93824.55,0.88,0.25,34.13,644.06,32.00
1686665877,3.07,93821.38,0.92,0.25,34.13,644.34,32.00
1686665880,3.09,93820.81,0.89,0.25,34.13,644.39,32.00
1686665883,2.93,93825.11,0.87,0.23,34.14,644.01,32.00
1686665885,3.07,93823.58,0.98,0.25,34.13,644.15,32.00
1686665894,3.06,93819.91,0.86,0.24,34.14,644.47,32.00
1686665896,3.05,93821.23,0.90,0.24,34.14,644.35,32.00
1686665898,3.08,93823.98,0.90,0.25,34.15,644.11,32.00
1686665900,3.02,93825.13,0.97,0.24,34.14,644.01,32.00
1686665903,3.07,93824.09,0.87,0.25,34.14,644.10,32.00
1686665908,3.09,93824.77,0.89,0.25,34.14,644.04,32.00
1686665911,3.07,93823.53,0.87,0.25,34.13,644.15,32.00
1686665917,3.10,93822.00,1.05,0.25,34.13,644.29,32.00
1686665920,3.01,93824.72,0.91,0.24,34.13,644.04,32.00
1686665923,2.96,93828.55,0.87,0.24,34.15,643.71,32.00
1686665926,3.06,93826.50,0.88,0.24,34.14,643.89,32.00
1686665928,3.02,93828.19,0.81,0.24,34.14,643.74,32.00
1686665929,3.05,93829.41,0.92,0.24,34.15,643.63,32.00
1686665933,3.04,93822.46,0.87,0.24,34.15,644.24,32.00
1686665937,3.06,93824.94,0.89,0.24,34.14,644.03,32.00
1686665939,3.05,93826.22,0.85,0.24,34.13,643.91,32.00
1686665946,3.07,93826.23,0.91,0.25,34.13,643.91,32.00
1686665950,3.03,93822.17,0.88,0.24,34.13,644.27,32.00
1686665952,3.03,93826.39,0.87,0.24,34.13,643.90,32.00
1686665954,3.07,93826.11,0.89,0.25,34.13,643.92,32.00
1686665959,3.09,93824.20,0.88,0.25,34.13,644.09,32.00
1686665962,3.07,93820.83,0.84,0.25,34.13,644.39,32.00
1686665966,3.07,93825.11,0.88,0.25,34.14,644.01,32.00
1686665969,3.05,93823.09,1.02,0.24,34.14,644.19,32.00
1686665976,3.07,93822.90,0.90,0.25,34.13,644.21,32.00
1686665979,3.07,93821.76,0.89,0.25,34.14,644.31,32.00
1686665982,3.10,93821.41,0.84,0.25,34.14,644.34,32.00
1686665986,3.10,93824.49,0.91,0.25,34.15,644.06,32.00
1686665989,3.02,93825.02,0.89,0.24,34.15,644.02,32.00
1686665995,3.07,93824.97,0.89,0.25,34.14,644.02,32.00
1686665997,3.04,93828.19,0.88,0.24,34.14,643.74,32.00
1686666001,3.05,93823.28,0.00,0.24,34.14,644.17,32.00
1686666009,3.29,93825.63,0.92,0.26,34.14,643.96,32.00
1686666014,3.04,93824.62,0.89,0.24,34.14,644.05,32.00
1686666019,3.03,93825.11,0.87,0.24,34.14,644.01,32.00
1686666021,3.03,93821.39,0.00,0.24,34.14,644.34,32.00
1686666025,3.07,93819.97,0.87,0.25,34.12,644.47,32.00
1686666029,3.12,93823.35,0.87,0.25,34.12,644.17,32.00
1686666032,3.07,93825.38,0.91,0.25,34.12,643.99,32.00
1686666038,3.04,93822.32,0.90,0.24,34.13,644.26,32.00
1686666043,3.07,93825.63,0.90,0.25,34.14,643.96,32.00
1686666046,3.06,93825.44,0.91,0.24,34.13,643.98,32.00
1686666047,2.93,93822.69,0.81,0.23,34.13,644.22,32.00
1686666052,3.07,93821.84,0.90,0.25,34.13,644.30,32.00
1686666055,3.07,93824.42,0.89,0.25,34.13,644.07,32.00
1686666057,3.05,93822.56,0.87,0.24,34.13,644.24,32.00
1686666061,3.09,93821.16,0.87,0.25,34.13,644.36,32.00
1686666065,3.04,93825.89,0.89,0.24,34.12,643.94,32.00
1686666073,3.02,93824.45,0.92,0.24,34.14,644.07,32.00
1686666075,3.07,93822.39,0.90,0.25,34.13,644.25,32.00
1686666077,3.03,93825.80,0.89,0.24,34.14,643.95,32.00
1686666081,3.07,93823.02,0.89,0.25,34.13,644.20,32.00
1686666083,3.04,93822.86,0.88,0.24,34.13,644.21,32.00
1686666085,3.02,93823.41,0.83,0.24,34.13,644.16,32.00
1686666088,3.10,93826.56,0.92,0.25,34.13,643.88,32.00
1686666090,3.06,93822.90,0.90,0.24,34.13,644.21,32.00
1686666098,3.08,93823.67,0.82,0.25,34.12,644.14,32.00
1686666102,3.06,93822.84,0.95,0.24,34.12,644.21,32.00
1686666104,3.04,93821.30,1.04,0.24,34.12,644.35,32.00
1686666107,2.99,93828.56,0.92,0.24,34.12,643.70,32.00
1686666110,2.97,93826.05,0.89,0.24,34.12,643.93,32.00
1686666117,3.09,93825.36,0.91,0.25,34.12,643.99,32.00
1686666123,3.10,93826.55,0.91,0.25,34.12,643.88,32.00
1686666124,3.02,93825.72,0.87,0.24,34.13,643.96,32.00
1686666130,3.05,93826.13,0.83,0.24,34.14,643.92,32.00
1686666133,3.04,93825.38,0.84,0.24,34.13,643.99,32.00
1686666135,3.03,93825.16,0.90,0.24,34.14,644.22,32.00
1686666139,3.04,93827.55,0.90,0.24,34.15,643.79,32.00
1686666140,3.02,93824.67,0.82,0.24,34.15,644.05,32.00
1686666145,3.05,93822.63,0.87,0.24,34.15,644.23,32.00
1686666152,3.06,93825.86,0.89,0.24,34.15,643.94,32.00
1686666156,3.24,93828.55,0.89,0.26,34.15,643.71,30.00
1686666163,3.08,93826.62,0.87,0.25,34.16,643.88,30.00
1686666165,3.03,93826.03,0.84,0.24,34.15,643.93,30.00
1686666169,3.06,93827.36,0.90,0.24,34.15,643.81,30.00
1686666174,3.19,93828.05,1.01,0.26,34.15,643.75,30.00
1686666178,3.19,93826.53,1.03,0.26,34.15,643.88,30.00
1686666182,3.18,93825.17,1.04,0.25,34.15,644.00,30.00
1686666185,3.21,93827.55,0.99,0.26,34.15,643.79,30.00
1686666189,3.16,93826.47,0.99,0.25,34.14,643.89,30.00
1686666195,3.17,93828.86,0.94,0.25,34.14,643.68,30.00
1686666201,3.09,93824.89,0.99,0.25,34.13,644.03,30.00
1686666205,3.15,93831.80,0.98,0.25,34.16,643.42,30.00
1686666209,3.16,93829.87,1.02,0.25,34.14,643.59,30.00
1686666212,3.08,93827.67,0.99,0.25,34.14,643.78,30.00
1686666214,3.19,93827.98,1.02,0.26,34.14,643.76,30.00
1686666217,3.15,93826.66,1.01,0.25,34.14,643.87,30.00
1686666224,3.15,93827.64,0.95,0.25,34.14,643.79,30.00
1686666234,3.16,93829.27,1.03,0.25,34.12,643.64,30.00
1686666237,3.17,93829.92,0.98,0.25,34.13,643.58,30.00
1686666241,3.17,93830.11,1.00,0.25,34.13,643.57,30.00
1686666244,3.13,93828.92,0.97,0.25,34.13,643.67,30.00
1686666247,3.19,93831.62,1.00,0.26,34.12,643.43,30.00
1686666251,3.15,93829.60,1.04,0.25,34.13,643.61,30.00
1686666252,3.08,93831.62,0.88,0.25,34.13,643.43,30.00
1686666257,3.18,93829.66,1.04,0.25,34.13,643.61,30.00
1686666267,3.16,93828.20,0.85,0.25,34.15,643.74,30.00
1686666272,2.92,93829.22,1.02,0.23,34.15,643.65,30.00
1686666275,3.22,93826.18,0.97,0.26,34.15,643.92,30.00
1686666278,3.24,93828.18,0.98,0.26,34.14,643.74,30.00
1686666281,3.16,93827.34,0.98,0.25,34.14,643.81,30.00
1686666284,3.18,93827.86,1.03,0.25,34.14,643.77,30.00
1686666287,3.21,93830.87,0.99,0.26,34.14,643.50,30.00
1686666290,3.15,93832.94,0.99,0.25,34.15,643.32,30.00
1686666296,3.19,93828.39,1.02,0.26,34.15,643.72,30.00
1686666300,3.38,93830.92,0.98,0.27,34.15,643.50,30.00
1686666303,3.19,93830.76,0.92,0.26,34.15,643.51,30.00
1686666306,3.17,93830.42,1.02,0.25,34.15,643.54,30.00
1686666308,3.17,93829.23,0.98,0.25,34.15,643.64,30.00
1686666311,3.12,93830.06,0.96,0.25,34.15,643.57,30.00
1686666313,3.15,93832.48,0.97,0.25,34.16,643.36,30.00
1686666316,3.16,93828.55,0.93,0.25,34.15,643.71,30.00
1686666322,3.15,93831.79,0.97,0.25,34.16,643.42,30.00
1686666324,3.15,93826.03,0.95,0.25,34.15,643.93,30.00
1686666328,3.16,93829.16,0.93,0.25,34.16,643.65,30.00
1686666331,3.15,93831.23,0.99,0.25,34.14,643.47,30.00
1686666333,3.15,93831.60,0.97,0.25,34.15,643.43,30.00
1686666336,3.13,93828.74,0.99,0.25,34.16,643.69,30.00
1686666340,3.13,93826.55,0.95,0.25,34.16,643.88,30.00
1686666343,3.16,93830.09,0.98,0.25,34.16,643.57,30.00
1686666350,3.23,93830.00,0.96,0.26,34.16,643.58,30.00
1686666352,3.06,93831.84,0.89,0.24,34.16,643.41,30.00
1686666356,3.05,93832.14,0.99,0.24,34.16,643.39,30.00
1686666360,3.16,93835.23,0.98,0.25,34.16,643.11,30.00
1686666364,3.16,93829.30,1.00,0.25,34.16,643.66,30.00
1686666369,3.16,93831.28,0.97,0.25,34.16,643.46,30.00
1686666372,3.09,93831.30,1.03,0.25,34.16,643.46,30.00
1686666375,3.12,93832.01,1.03,0.25,34.16,643.40,30.00
1686666384,3.14,93829.94,1.03,0.25,34.16,643.58,30.00
1686666387,3.19,93833.83,0.97,0.26,34.16,643.24,30.00
1686666391,3.12,93831.80,0.99,0.25,34.16,643.42,30.00
1686666394,3.20,93830.28,0.99,0.26,34.16,643.55,30.00
1686666397,3.09,93829.33,0.99,0.25,34.17,643.64,30.00
1686666400,3.23,93831.20,0.97,0.26,34.17,643.47,29.00
1686666402,3.07,93831.84,0.92,0.25,34.16,643.41,29.00
1686666406,3.12,93833.83,0.96,0.25,34.16,643.24,29.00
1686666411,3.09,93832.31,0.97,0.25,34.16,643.37,29.00
1686666414,3.18,93833.11,0.93,0.25,34.15,643.30,29.00
1686666416,3.16,93830.74,0.97,0.25,34.15,643.51,29.00
1686666420,3.15,93832.45,1.01,0.25,34.15,643.36,29.00
1686666422,3.17,93833.45,0.92,0.25,34.15,643.27,29.00
1686666429,3.15,93830.74,0.94,0.25,34.15,643.51,29.00
1686666431,3.15,93831.42,0.97,0.25,34.15,643.45,30.00
1686666433,3.11,93832.45,1.00,0.25,34.15,643.36,30.00
1686666443,3.15,93832.60,0.95,0.25,34.15,643.35,30.00
1686666446,3.15,93830.74,0.95,0.25,34.15,643.51,30.00
1686666448,3.16,93833.45,0.85,0.25,34.15,643.27,30.00
1686666450,3.10,93832.75,0.00,0.25,34.14,643.33,30.00
1686666452,3.17,93832.23,0.00,0.25,34.14,643.38,30.00
1686666456,3.23,93830.56,0.00,0.26,34.14,643.53,30.00
1686666459,3.22,93831.60,0.00,0.26,34.15,643.43,30.00
1686666468,3.16,93831.11,0.00,0.25,34.16,643.48,30.00
1686666476,3.12,93834.66,0.00,0.25,34.16,643.16,30.00
1686666480,3.12,93831.33,0.00,0.25,34.16,643.46,30.00
1686666482,2.90,93832.87,0.00,0.23,34.16,643.32,30.00
1686666485,3.12,93832.45,0.00,0.25,34.15,643.36,30.00
1686666488,3.10,93831.08,0.00,0.25,34.15,643.48,30.00
1686666490,3.14,93832.60,0.00,0.25,34.15,643.35,30.00
1686666492,3.09,93833.45,0.00,0.25,34.15,643.27,30.00
1686666493,3.06,93834.31,0.00,0.24,34.15,643.19,30.00
1686666503,3.16,93830.34,0.00,0.25,34.17,643.55,30.00
1686666505,3.16,93832.31,0.00,0.25,34.16,643.37,30.00
1686666508,3.21,93834.09,0.00,0.26,34.17,643.21,30.00
1686666510,3.23,93833.74,0.00,0.26,34.17,643.25,30.00
1686666515,3.16,93833.94,0.00,0.25,34.17,643.23,30.00
1686666525,4.02,93832.42,7.48,0.48,34.17,643.36,30.00
1686666528,3.83,93831.74,6.60,0.46,34.17,643.42,30.00
1686666531,3.86,93834.14,5.94,0.46,34.18,643.21,30.00
1686666538,3.92,93835.58,6.15,0.47,34.19,643.08,30.00
1686666541,3.94,93832.34,6.52,0.47,34.19,643.37,30.00
1686666543,3.90,93832.86,5.98,0.47,34.19,643.32,30.00
1686666547,3.89,93833.05,5.81,0.47,34.20,643.31,30.00
1686666552,3.96,93833.64,6.02,0.48,34.19,643.25,30.00
1686666553,3.91,93832.45,5.87,0.47,34.18,643.36,30.00
1686666555,3.94,93836.02,6.55,0.47,34.19,643.04,30.00
1686666561,3.95,93833.60,6.26,0.47,34.18,643.26,30.00
1686666568,3.88,93834.48,6.20,0.47,34.19,643.18,30.00
1686666575,3.98,93833.16,6.02,0.48,34.19,643.30,30.00
1686666577,3.90,93832.98,5.97,0.47,34.19,643.31,30.00
1686666579,3.69,93832.36,5.75,0.44,34.19,643.37,30.00
1686666582,3.97,93834.79,6.23,0.48,34.18,643.15,30.00
1686666584,3.89,93834.28,6.28,0.47,34.17,643.20,30.00
1686666587,3.94,93833.80,6.20,0.47,34.18,643.24,30.00
1686666588,3.83,93830.72,6.18,0.46,34.18,643.51,30.00
1686666597,3.96,93834.79,5.99,0.47,34.18,643.15,30.00
1686666600,3.93,93834.11,6.19,0.47,34.18,643.18,30.00
1686666603,3.84,93831.91,5.79,0.46,34.17,643.41,30.00
1686666606,3.97,93834.23,6.65,0.48,34.17,643.20,30.00
1686666609,3.97,93837.64,6.43,0.48,34.18,642.90,30.00
1686666613,3.98,93837.02,6.31,0.48,34.18,642.96,30.00
1686666617,3.96,93831.36,6.48,0.48,34.17,643.46,30.00
1686666623,3.99,93834.78,6.44,0.48,34.17,643.15,30.00
1686666626,3.97,93834.39,6.57,0.48,34.16,643.19,30.00
1686666630,3.88,93834.75,6.24,0.47,34.17,643.16,30.00
1686666633,4.04,93836.62,6.02,0.48,34.17,642.99,30.00
1686666635,4.04,93836.25,6.51,0.48,34.16,643.02,30.00
1686666638,3.97,93837.45,6.37,0.48,34.17,642.92,30.00
1686666641,3.98,93836.45,6.32,0.48,34.17,643.01,30.00
1686666645,3.92,93834.05,5.91,0.47,34.16,643.22,30.00
1686666652,4.00,93836.42,6.02,0.48,34.16,643.01,30.00
1686666658,3.94,93833.77,5.97,0.47,34.17,642.99,30.00
1686666662,3.88,93837.15,5.80,0.47,34.17,642.94,30.00
1686666666,3.82,93838.34,5.79,0.46,34.17,642.84,30.00
1686666670,3.88,93831.91,5.87,0.47,34.17,643.41,30.00
1686666672,3.75,93835.30,5.65,0.45,34.18,643.11,30.00
1686666674,4.09,93832.42,6.16,0.49,34.18,643.36,30.00
1686666676,3.88,93833.62,5.91,0.47,34.18,643.26,30.00
1686666680,4.07,93830.58,6.06,0.49,34.18,643.53,30.00
1686666690,3.05,93834.27,4.34,0.24,34.18,643.20,30.00
1686666691,3.09,93834.95,4.38,0.25,34.18,643.14,30.00
1686666693,3.24,93835.64,4.44,0.26,34.18,643.08,30.00
1686666697,3.10,93835.30,4.46,0.25,34.18,643.11,30.00
1686666700,3.15,93832.76,4.44,0.25,34.18,643.33,30.00
1686666705,3.14,93830.20,4.29,0.25,34.17,643.56,30.00
1686666710,3.14,93839.52,4.41,0.25,34.17,642.73,30.00
1686666712,3.15,93833.56,4.36,0.25,34.17,643.26,30.00
1686666720,3.11,93832.55,4.40,0.25,34.17,643.35,30.00
1686666723,3.14,93833.72,4.37,0.25,34.16,643.25,30.00
1686666726,3.11,93833.22,4.32,0.25,34.17,643.29,30.00
1686666730,3.23,93834.39,4.36,0.26,34.16,643.19,30.00
1686666734,3.13,93837.05,4.40,0.25,34.16,642.95,30.00
1686666736,3.13,93835.50,4.26,0.25,34.16,643.09,30.00
1686666738,3.01,93835.14,4.36,0.24,34.15,643.12,30.00
1686666742,3.07,93836.66,4.41,0.25,34.15,642.99,30.00
1686666747,3.12,93833.80,4.42,0.25,34.15,643.24,30.00
1686666749,3.13,93835.15,4.47,0.25,34.15,643.12,30.00
1686666753,3.04,93836.13,5.18,0.36,34.14,643.03,30.00
1686666759,3.03,93834.95,5.14,0.36,34.14,643.14,30.00
1686666764,3.09,93838.34,5.15,0.37,34.15,642.84,30.00
1686666769,3.09,93834.48,5.39,0.37,34.15,643.18,30.00
1686666770,3.03,93840.22,5.19,0.36,34.15,642.67,30.00
1686666773,3.16,93839.02,5.37,0.38,34.15,642.78,30.00
1686666780,3.31,93839.87,5.27,0.40,34.15,642.88,30.00
1686666783,3.60,93837.77,5.35,0.43,34.13,642.89,30.00
1686666787,3.45,93836.11,5.41,0.41,34.14,643.04,30.00
1686666789,3.24,93835.46,5.23,0.39,34.14,643.09,30.00
1686666790,3.04,93835.14,5.19,0.37,34.15,643.12,30.00
1686666793,3.04,93835.48,5.43,0.36,34.15,643.09,30.00
1686666799,3.04,93836.64,5.43,0.37,34.14,642.99,30.00
1686666803,3.13,93842.22,5.43,0.38,34.14,642.49,30.00
1686666811,3.04,93833.94,5.39,0.36,34.14,643.23,30.00
1686666815,3.03,93836.63,5.28,0.36,34.14,642.99,30.00
1686666819,3.10,93835.30,5.43,0.37,34.14,643.11,30.00
1686666823,3.09,93832.08,5.46,0.37,34.14,643.39,30.00
1686666825,2.95,93834.74,5.43,0.35,34.14,643.16,30.00
1686666828,3.07,93836.64,5.43,0.37,34.14,643.02,30.00
1686666830,3.02,93839.87,5.37,0.36,34.15,642.70,30.00
1686666834,3.01,93835.63,5.39,0.36,34.14,643.08,30.00
1686666841,3.02,93838.20,0.00,0.24,34.15,642.85,30.00
1686666844,3.13,93835.81,0.00,0.25,34.15,643.06,30.00
1686666846,3.14,93837.48,0.00,0.25,34.14,642.91,30.00
1686666850,3.14,93835.31,5.49,0.38,34.15,643.11,30.00
1686666855,3.04,93837.84,5.31,0.37,34.15,642.88,30.00
1686666859,3.04,93836.95,0.00,0.24,34.14,642.96,30.00
1686666866,3.11,93835.30,0.00,0.25,34.14,643.11,30.00
1686666869,3.14,93835.81,5.35,0.38,34.15,643.06,30.00
1686666873,3.03,93835.78,5.13,0.36,34.14,643.06,28.00
1686666877,2.97,93833.77,5.21,0.36,34.14,643.24,28.00
1686666880,3.03,93833.61,5.22,0.36,34.15,643.26,28.00
1686666884,3.06,93832.38,5.28,0.37,34.14,643.37,28.00
1686666887,3.02,93835.48,5.28,0.36,34.15,643.09,28.00
1686666888,2.97,93832.23,5.28,0.36,34.14,643.38,28.00
1686666892,2.97,93832.94,5.22,0.36,34.15,643.32,30.00
1686666896,3.04,93837.17,5.28,0.36,34.15,642.94,30.00
1686666900,3.09,93837.52,5.28,0.37,34.15,642.91,30.00
1686666905,3.02,93838.81,5.28,0.36,34.14,642.80,30.00
1686666909,3.01,93838.32,5.28,0.36,34.14,642.84,30.00
1686666912,3.04,93837.00,5.28,0.36,34.15,642.96,30.00
1686666913,2.96,93833.46,5.22,0.36,34.15,643.27,30.00
1686666917,2.96,93837.84,5.28,0.35,34.15,642.88,30.00
1686666920,3.09,93833.66,5.15,0.37,34.16,643.25,29.00
1686666924,3.04,93833.28,5.26,0.37,34.15,643.29,28.00
1686666935,3.06,93833.64,5.23,0.37,34.16,643.25,28.00
1686666937,3.05,93836.88,5.22,0.37,34.16,642.97,29.00
1686666939,3.02,93836.17,5.26,0.36,34.15,643.03,28.00
1686666942,3.02,93833.87,5.24,0.36,34.16,643.23,28.00
1686666944,3.00,93836.36,5.27,0.36,34.16,643.01,28.00
1686666946,3.03,93834.17,5.26,0.36,34.16,643.21,28.00
1686666951,3.02,93834.08,5.26,0.36,34.17,643.22,28.00
1686666955,3.07,93837.97,5.24,0.37,34.17,642.87,28.00
1686666961,3.02,93837.27,5.11,0.36,34.16,642.93,29.00
1686666964,3.02,93835.42,5.28,0.36,34.17,643.10,28.00
1686666967,3.02,93832.48,5.23,0.36,34.16,643.36,28.00
1686666972,3.03,93832.90,5.24,0.36,34.17,643.32,28.00
1686666976,3.06,93838.45,5.24,0.37,34.16,642.83,28.00
1686666978,3.09,93839.97,5.23,0.37,34.16,642.69,29.00
1686666981,3.00,93835.23,5.24,0.36,34.16,643.11,29.00
1686666984,3.02,93838.28,5.12,0.36,34.16,642.84,29.00
1686666988,3.07,93834.58,5.42,0.37,34.17,643.17,29.00
1686666992,3.03,93836.92,5.20,0.36,34.16,642.96,28.00
1686666994,3.01,93841.15,5.34,0.36,34.16,642.59,28.00
1686666995,3.00,93841.27,5.41,0.36,34.16,642.58,28.00
1686666998,2.99,93838.90,5.14,0.36,34.16,642.79,28.00
1686667002,3.04,93840.38,5.33,0.37,34.15,642.66,28.00
1686667004,3.02,93841.41,5.36,0.36,34.15,642.57,28.00
1686667005,3.03,93834.72,5.36,0.36,34.16,643.16,29.00
1686667009,3.02,93837.44,5.42,0.36,34.16,642.92,29.00
1686667013,3.02,93835.31,5.41,0.36,34.15,643.11,30.00
1686667017,3.02,93841.91,5.25,0.36,34.15,642.52,30.00
1686667018,2.96,93841.06,5.35,0.35,34.15,642.60,30.00
1686667022,3.07,93839.02,5.43,0.37,34.15,642.78,29.00
1686667026,3.07,93839.01,5.41,0.37,34.14,642.78,29.00
1686667030,3.04,93840.66,5.32,0.37,34.14,642.63,29.00
1686667035,3.03,93838.62,5.31,0.36,34.14,642.81,29.00
1686667040,3.02,93841.28,5.50,0.36,34.13,642.58,28.00
1686667042,3.06,93837.20,5.42,0.37,34.13,642.94,28.00
1686667045,3.05,93840.42,5.44,0.37,34.12,642.65,29.00
1686667048,3.04,93836.20,5.57,0.37,34.12,643.03,29.00
1686667049,2.94,93836.67,5.21,0.35,34.12,642.99,29.00
1686667054,3.04,93835.86,5.40,0.36,34.13,643.06,30.00
1686667056,3.09,93837.38,5.38,0.37,34.13,642.92,30.00
1686667064,3.04,93837.73,5.44,0.36,34.13,642.89,30.00
1686667068,2.94,93838.31,5.49,0.35,34.14,642.84,28.00
1686667076,3.07,93839.80,5.52,0.37,34.13,642.71,28.00
1686667082,3.02,93834.50,5.54,0.36,34.13,643.18,28.00
1686667084,3.01,93840.08,5.50,0.36,34.12,642.68,28.00
1686667087,3.02,93838.55,5.55,0.36,34.13,642.82,28.00
1686667089,3.02,93838.45,5.53,0.36,34.13,642.83,29.00
1686667091,2.96,93836.38,5.43,0.35,34.13,643.01,29.00
1686667092,3.03,93837.90,5.53,0.36,34.13,642.88,29.00
1686667097,2.95,93835.25,5.44,0.35,34.14,643.11,29.00
1686667100,3.02,93837.05,5.55,0.36,34.13,642.95,28.00
1686667105,3.53,93841.01,5.27,0.42,34.14,642.60,29.00
1686667109,3.27,93839.84,5.29,0.39,34.14,642.70,28.00
1686667112,3.45,93839.98,5.28,0.41,34.14,642.69,28.00
1686667116,3.44,93841.48,5.28,0.41,34.13,642.56,29.00
1686667119,3.45,93841.27,5.28,0.41,34.13,642.58,29.00
1686667122,3.37,93840.09,5.24,0.40,34.13,642.68,29.00
1686667130,3.41,93840.58,5.27,0.41,34.13,642.64,29.00
1686667132,3.42,93842.13,5.26,0.41,34.13,642.50,28.00
1686667134,3.44,93841.34,5.28,0.41,34.14,642.57,29.00
1686667139,3.47,93842.72,5.27,0.42,34.14,642.45,29.00
1686667141,3.45,93839.48,5.28,0.41,34.14,642.74,29.00
1686667143,3.38,93841.53,5.21,0.41,34.14,642.56,29.00
1686667146,3.41,93839.81,5.28,0.41,34.14,642.78,28.00
1686667149,3.06,93836.92,5.35,0.37,34.13,642.96,29.00
1686667153,3.45,93842.08,5.28,0.41,34.15,642.51,29.00
1686667157,3.44,93840.36,5.30,0.41,34.14,642.66,29.00
1686667160,3.38,93840.50,5.30,0.41,34.14,642.65,29.00
1686667164,3.46,93842.84,5.37,0.42,34.13,642.44,28.00
1686667166,3.36,93840.18,5.27,0.40,34.14,642.67,28.00
1686667168,3.42,93840.18,5.35,0.41,34.14,642.67,29.00
1686667170,3.46,93840.70,5.36,0.42,34.14,642.66,29.00
1686667173,3.39,93843.56,5.49,0.41,34.14,642.38,29.00
1686667180,3.39,93837.32,5.41,0.41,34.14,642.93,29.00
1686667182,2.96,93837.48,5.70,0.36,34.14,642.91,29.00
1686667184,2.87,93839.53,5.70,0.34,34.15,642.73,29.00
1686667187,3.21,93841.39,5.49,0.39,34.15,642.57,28.00
1686667189,3.09,93842.90,5.86,0.37,34.14,642.43,28.00
1686667192,3.03,93841.70,5.85,0.36,34.14,642.54,29.00
1686667195,3.12,93840.50,5.58,0.37,34.14,642.65,29.00
1686667197,3.24,93838.97,5.46,0.39,34.14,642.78,29.00
1686667204,3.06,93838.98,5.76,0.37,34.14,642.78,29.00
1686667206,3.12,93839.52,5.76,0.37,34.14,642.73,28.00
1686667210,3.36,93840.67,5.44,0.40,34.14,642.63,28.00
1686667215,3.31,93836.88,5.72,0.40,34.13,642.97,29.00
1686667216,3.24,93838.11,5.13,0.39,34.13,642.86,29.00
1686667222,3.34,93840.16,5.12,0.40,34.14,642.68,29.00
1686667224,3.35,93838.11,5.43,0.40,34.13,642.86,28.00
1686667227,3.39,93838.12,5.33,0.41,34.14,642.83,28.00
1686667234,3.12,93841.15,5.32,0.37,34.13,642.59,29.00
1686667237,3.23,93841.28,5.53,0.39,34.13,642.58,28.00
1686667240,3.13,93840.74,5.58,0.38,34.13,642.62,28.00
1686667245,3.02,93841.59,4.71,0.24,34.12,642.55,30.00
1686667247,3.12,93838.55,4.67,0.25,34.13,642.82,30.00
1686667249,3.13,93840.89,5.28,0.38,34.12,642.61,30.00
1686667251,3.03,93840.20,5.43,0.36,34.12,642.67,30.00
1686667252,3.16,93842.62,5.35,0.38,34.12,642.46,30.00
1686667259,3.06,93842.77,5.50,0.37,34.13,642.45,30.00
1686667260,3.02,93842.27,5.36,0.36,34.13,642.49,30.00
1686667262,3.03,93843.45,5.43,0.36,34.12,642.39,28.00
1686667263,2.95,93843.11,5.41,0.35,34.12,642.42,28.00
1686667267,3.03,93841.08,5.26,0.36,34.12,642.60,28.00
1686667268,2.96,93841.89,5.37,0.35,34.12,642.52,28.00
1686667270,3.05,93842.91,5.38,0.37,34.12,642.43,28.00
1686667275,3.02,93843.25,5.48,0.36,34.12,642.40,30.00
1686667279,3.01,93843.63,5.51,0.36,34.12,642.37,30.00
1686667280,2.96,93840.74,5.55,0.36,34.12,642.62,30.00
1686667285,3.02,93839.53,5.22,0.36,34.12,642.73,30.00
1686667288,3.02,93845.46,5.21,0.36,34.12,642.21,30.00
1686667291,3.07,93842.25,5.46,0.37,34.12,642.49,30.00
1686667294,3.08,93843.25,5.35,0.37,34.12,642.40,29.00
1686667296,3.06,93842.20,5.43,0.37,34.11,642.50,29.00
1686667299,3.02,93843.27,5.42,0.36,34.12,642.40,30.00
1686667306,3.09,93845.91,5.40,0.37,34.11,642.17,30.00
1686667309,3.07,93841.86,5.43,0.37,34.11,642.53,30.00
1686667314,3.02,93842.20,5.34,0.36,34.11,642.50,28.00
1686667318,3.06,93845.78,5.37,0.37,34.12,642.18,30.00
1686667321,3.02,93844.23,5.36,0.36,34.11,642.32,30.00
1686667324,3.09,93842.87,5.20,0.37,34.11,642.44,30.00
1686667327,3.02,93842.52,5.34,0.36,34.10,642.47,28.00
1686667330,3.04,93843.05,5.33,0.36,34.11,642.42,28.00
1686667336,2.96,93844.22,5.36,0.36,34.11,642.32,28.00
1686667339,3.04,93843.23,5.38,0.37,34.11,642.40,28.00
1686667341,3.02,93843.88,5.36,0.36,34.11,642.35,29.00
1686667343,3.05,93842.39,5.31,0.37,34.11,642.48,29.00
1686667349,3.02,93844.39,5.22,0.36,34.11,642.30,28.00
1686667351,3.03,93841.01,5.36,0.36,34.11,642.51,29.00
1686667353,2.96,93840.53,5.29,0.35,34.11,642.64,29.00
1686667358,3.05,93843.11,5.37,0.37,34.12,642.42,29.00
1686667362,3.00,93844.29,4.70,0.24,34.12,642.31,28.00
1686667364,3.04,93844.77,4.84,0.24,34.12,642.27,28.00
1686667369,3.09,93840.88,4.84,0.25,34.12,642.61,30.00
1686667373,3.13,93843.36,4.93,0.25,34.10,642.39,30.00
1686667376,3.12,93842.86,4.99,0.25,34.10,642.44,28.00
1686667378,3.06,93844.41,4.77,0.24,34.11,642.30,28.00
1686667379,3.12,93844.88,4.86,0.25,34.10,642.26,29.00
1686667381,3.17,93842.88,4.87,0.25,34.11,642.44,30.00
1686667392,3.17,93843.05,5.43,0.38,34.11,642.42,28.00
1686667395,2.96,93842.37,5.28,0.35,34.11,642.48,28.00
1686667398,3.02,93841.58,5.35,0.36,34.12,642.55,28.00
1686667400,3.02,93841.38,5.31,0.36,34.11,642.57,28.00
1686667403,3.01,93844.20,5.38,0.36,34.14,642.32,30.00
1686667406,3.03,93844.22,5.38,0.36,34.14,642.32,28.00
1686667409,3.03,93845.74,5.36,0.36,34.14,642.18,29.00
1686667412,3.06,93846.59,5.37,0.37,34.14,642.11,28.00
1686667417,3.05,93844.11,5.39,0.37,34.15,642.33,29.00
1686667420,2.94,93841.69,5.36,0.35,34.14,642.54,28.00
1686667422,3.02,93844.53,5.35,0.36,34.13,642.12,29.00
1686667426,3.26,93843.64,5.38,0.39,34.13,642.37,29.00
1686667428,3.08,93844.63,5.40,0.37,34.13,642.28,28.00
1686667432,2.95,93844.88,5.40,0.35,34.13,642.26,28.00
1686667433,2.99,93847.97,5.24,0.36,34.14,641.98,28.00
1686667437,3.05,93843.58,5.42,0.37,34.14,642.37,28.00
1686667443,3.09,93842.28,5.29,0.37,34.13,642.49,29.00
1686667444,3.23,93843.29,5.34,0.39,34.13,642.40,29.00
1686667448,3.10,93841.42,5.43,0.37,34.13,642.56,28.00
1686667450,2.95,93842.77,5.33,0.35,34.13,642.45,28.00
1686667452,3.10,93843.80,5.41,0.37,34.13,642.35,29.00
1686667454,2.96,93843.11,5.35,0.35,34.13,642.42,29.00
1686667457,3.01,93843.60,5.42,0.36,34.12,642.37,29.00
1686667459,3.32,93845.30,5.16,0.40,34.12,642.22,29.00
1686667463,2.94,93844.64,5.72,0.35,34.12,642.28,28.00
1686667466,3.02,93846.00,5.60,0.36,34.12,642.16,28.00
1686667467,3.04,93843.60,5.43,0.37,34.12,642.37,28.00
1686667470,3.23,93844.81,5.52,0.39,34.12,642.26,28.00
1686667472,3.12,93842.95,5.28,0.37,34.12,642.43,28.00
1686667474,3.21,93843.46,5.42,0.38,34.13,642.38,30.00
1686667475,2.97,93844.30,5.57,0.36,34.12,642.31,30.00
1686667478,3.08,93845.62,5.79,0.37,34.12,642.19,30.00
1686667490,3.03,93849.17,5.69,0.36,34.12,641.88,30.00
1686667493,3.04,93846.15,5.65,0.36,34.12,642.15,28.00
1686667497,3.05,93846.31,5.73,0.37,34.12,642.13,29.00
1686667501,3.06,93843.60,5.75,0.37,34.12,642.37,28.00
1686667507,3.17,93844.59,5.51,0.38,34.11,642.28,28.00
1686667511,3.36,93844.13,5.64,0.40,34.12,642.33,28.00
1686667515,3.23,93843.92,5.65,0.39,34.12,642.34,28.00
1686667516,2.95,93844.09,5.64,0.35,34.12,642.33,28.00
1686667523,3.16,93845.27,5.43,0.38,34.11,642.22,30.00
1686667525,3.12,93844.72,5.62,0.37,34.10,642.27,28.00
1686667529,3.00,93847.09,5.57,0.36,34.11,642.06,28.00
1686667531,3.18,93846.11,5.57,0.38,34.11,642.15,28.00
1686667534,3.02,93842.88,5.37,0.36,34.11,642.44,28.00
1686667536,3.12,93845.45,5.50,0.37,34.12,642.21,28.00
1686667538,3.25,93845.75,5.63,0.39,34.11,642.18,28.00
1686667541,3.09,93842.70,5.59,0.37,34.11,642.45,29.00
1686667549,3.00,93842.52,5.70,0.36,34.10,642.47,28.00
1686667552,3.22,93843.19,5.56,0.39,34.10,642.41,28.00
1686667557,3.15,93847.42,5.51,0.38,34.10,642.03,28.00
1686667563,3.07,93841.28,5.55,0.37,34.10,642.58,28.00
1686667565,2.94,93848.27,5.56,0.35,34.10,641.96,28.00
1686667567,3.23,93845.55,5.63,0.39,34.10,642.20,28.00
1686667569,2.99,93845.57,5.57,0.36,34.11,642.20,28.00
1686667571,2.94,93845.22,5.60,0.35,34.10,642.23,28.00
1686667578,3.23,93846.02,5.63,0.39,34.10,642.16,28.00
1686667581,3.09,93844.20,5.36,0.37,34.10,642.32,28.00
1686667585,3.09,93844.42,5.36,0.37,34.11,642.30,28.00
1686667590,3.01,93844.20,5.58,0.36,34.10,642.32,29.00
1686667596,3.32,93844.73,5.66,0.40,34.11,642.27,29.00
1686667600,3.16,93841.69,5.74,0.38,34.11,642.54,29.00
1686667606,3.19,93848.63,5.59,0.38,34.11,641.93,29.00
1686667608,2.95,93848.97,5.59,0.35,34.11,641.90,29.00
1686667617,3.02,93845.84,5.62,0.36,34.10,642.17,28.00
1686667624,3.06,93848.52,5.58,0.37,34.12,641.94,28.00
1686667627,3.21,93848.88,5.44,0.38,34.12,641.90,28.00
1686667629,3.13,93844.22,5.22,0.38,34.11,642.32,28.00
1686667633,3.06,93844.92,5.58,0.37,34.11,642.25,28.00
1686667636,3.07,93846.08,5.43,0.37,34.11,642.15,28.00
1686667645,3.01,93843.58,5.52,0.36,34.11,642.37,28.00
1686667648,3.02,93848.30,5.43,0.36,34.11,641.96,28.00
1686667655,3.04,93845.11,5.63,0.36,34.12,642.24,28.00
1686667659,3.09,93845.29,5.38,0.37,34.12,642.22,28.00
1686667664,3.28,93847.17,5.59,0.39,34.12,642.06,28.00
1686667671,3.01,93851.39,5.68,0.36,34.12,641.68,28.00
1686667676,3.23,93849.33,5.86,0.39,34.12,641.86,28.00
1686667679,3.02,93850.36,5.51,0.36,34.12,641.77,28.00
1686667681,3.15,93846.94,5.34,0.38,34.11,642.08,28.00
1686667684,3.06,93847.95,5.74,0.37,34.11,641.99,28.00
1686667695,3.06,93850.50,5.44,0.37,34.11,641.76,28.00
1686667698,3.10,93845.92,5.65,0.37,34.11,642.17,28.00
1686667704,3.15,93847.09,5.72,0.38,34.11,642.06,28.00
1686667706,3.02,93847.25,5.66,0.36,34.10,642.05,28.00
1686667708,3.21,93846.41,5.32,0.39,34.10,642.12,28.00
1686667710,2.85,93851.02,5.70,0.34,34.12,641.71,28.00
1686667711,3.03,93845.09,5.79,0.36,34.11,642.24,28.00
1686667713,3.24,93851.84,5.67,0.39,34.11,641.64,28.00
1686667718,3.03,93848.62,5.75,0.36,34.11,641.93,28.00
1686667720,2.96,93848.09,5.65,0.36,34.10,641.97,28.00
1686667722,3.09,93849.90,5.36,0.37,34.10,641.81,28.00
1686667726,3.22,93849.60,5.64,0.39,34.10,641.84,28.00
1686667729,3.20,93847.55,5.45,0.38,34.10,642.02,28.00
1686667731,3.17,93847.53,5.60,0.38,34.10,642.02,28.00
1686667735,3.05,93847.25,5.84,0.37,34.10,642.05,30.00
1686667737,3.02,93849.57,5.77,0.36,34.10,641.84,30.00
1686667744,3.01,93845.17,5.72,0.36,34.10,642.23,30.00
1686667746,2.96,93850.08,5.67,0.36,34.10,641.80,30.00
1686667747,3.08,93848.17,5.57,0.37,34.09,641.97,30.00
1686667752,3.11,93850.36,5.58,0.37,34.09,641.77,30.00
1686667755,3.18,93847.80,5.67,0.38,34.08,642.00,30.00
1686667758,3.10,93850.19,5.36,0.37,34.09,641.79,30.00
1686667763,3.06,93849.86,5.45,0.37,34.09,641.82,30.00
1686667766,3.04,93850.22,5.33,0.36,34.09,641.79,30.00
1686667780,3.03,93850.31,5.58,0.36,34.08,641.78,30.00
1686667783,3.09,93849.00,5.52,0.37,34.08,641.89,29.00
1686667785,3.02,93853.55,5.59,0.36,34.09,641.49,29.00
1686667789,3.05,93848.86,5.58,0.37,34.09,641.92,29.00
1686667792,3.03,93851.23,5.36,0.36,34.09,641.70,28.00
1686667795,3.05,93849.23,5.36,0.37,34.10,641.87,28.00
1686667797,3.03,93852.06,5.58,0.36,34.09,641.62,28.00
1686667804,3.09,93849.89,5.40,0.37,34.09,641.81,28.00
1686667814,2.97,93849.74,5.53,0.36,34.10,641.71,28.00
1686667817,3.12,93850.06,5.62,0.37,34.09,641.80,29.00
1686667822,3.02,93849.73,5.63,0.36,34.10,641.83,29.00
1686667830,3.02,93849.22,5.58,0.36,34.09,641.87,29.00
1686667837,3.13,93849.27,5.59,0.38,34.10,641.87,29.00
1686667839,3.01,93850.45,5.54,0.36,34.10,641.77,29.00
1686667843,3.00,93854.81,5.46,0.36,34.10,641.38,29.00
1686667845,3.06,93852.28,5.65,0.37,34.10,641.60,29.00
1686667852,3.02,93853.50,5.36,0.36,34.10,641.49,29.00
1686667854,2.95,93853.17,5.57,0.35,34.11,641.52,29.00
1686667855,3.00,93850.97,5.38,0.36,34.10,641.72,28.00
1686667861,3.10,93853.48,5.59,0.37,34.10,641.50,28.00
1686667862,2.94,93851.42,5.58,0.35,34.10,641.68,28.00
1686667864,3.02,93850.63,5.34,0.36,34.10,641.75,28.00
1686667866,3.00,93848.87,5.56,0.36,34.09,641.91,30.00
1686667869,3.04,93853.78,5.53,0.37,34.10,641.47,30.00
1686667876,3.01,93855.77,5.59,0.36,34.09,641.29,29.00
1686667882,3.02,93853.08,5.36,0.36,34.09,641.53,29.00
1686667884,3.02,93854.91,5.41,0.36,34.08,641.37,29.00
1686667887,3.23,93855.24,5.65,0.39,34.08,641.34,29.00
1686667890,2.94,93853.92,5.65,0.35,34.09,641.46,29.00
1686667892,2.94,93854.05,5.58,0.35,34.08,641.45,29.00
1686667894,3.11,93854.27,5.40,0.37,34.09,641.43,28.00
1686667896,3.07,93852.38,5.53,0.37,34.08,641.59,28.00
1686667900,3.14,93857.41,5.69,0.38,34.08,641.15,28.00
1686667906,3.11,93852.53,5.69,0.37,34.08,641.58,30.00
1686667907,2.95,93853.39,5.59,0.35,34.08,641.50,30.00
1686667911,3.09,93853.34,5.67,0.37,34.08,641.51,30.00
1686667915,3.14,93853.86,5.49,0.38,34.08,641.46,30.00
1686667916,2.97,93853.02,5.58,0.36,34.08,641.54,30.00
1686667920,3.06,93855.41,5.76,0.37,34.08,641.33,30.00
1686667924,3.04,93854.23,5.80,0.36,34.08,641.43,30.00
1686667929,3.04,93859.38,5.73,0.37,34.10,640.97,30.00
1686667932,3.24,93853.57,5.58,0.39,34.09,641.49,30.00
1686667934,2.96,93854.09,5.71,0.36,34.09,641.44,30.00
1686667937,3.09,93852.92,5.46,0.37,34.09,641.55,30.00
1686667939,3.08,93854.61,5.77,0.37,34.09,641.40,29.00
1686667942,3.23,93855.48,5.41,0.39,34.10,641.32,29.00
1686667945,3.04,93853.61,5.81,0.36,34.10,641.49,29.00
1686667948,3.04,93857.37,5.34,0.36,34.10,641.15,28.00
1686667955,3.09,93854.67,5.50,0.37,34.10,641.39,28.00
1686667957,2.97,93859.25,5.73,0.36,34.10,640.99,28.00
1686667958,3.03,93857.87,5.75,0.36,34.10,641.11,28.00
1686667962,3.17,93859.38,5.44,0.38,34.10,640.97,29.00
1686667966,3.03,93857.50,5.86,0.36,34.09,641.14,28.00
1686667969,3.05,93857.67,5.66,0.37,34.09,641.13,28.00
1686667976,3.02,93854.95,5.79,0.36,34.09,641.37,29.00
1686667979,3.02,93854.73,5.75,0.36,34.08,641.39,28.00
1686667985,3.09,93857.97,5.78,0.37,34.09,641.10,28.00
1686667987,3.07,93854.77,5.74,0.37,34.09,641.38,28.00
1686667990,3.04,93856.59,5.58,0.37,34.08,641.22,29.00
1686667992,3.03,93856.43,5.60,0.36,34.08,641.24,29.00
1686667996,3.00,93858.59,5.42,0.36,34.08,641.04,28.00
1686667998,2.96,93857.09,5.53,0.35,34.08,641.18,28.00
1686668003,3.04,93854.88,5.50,0.37,34.08,641.37,29.00
1686668006,3.04,93859.97,5.50,0.36,34.08,640.92,28.00
1686668013,3.02,93857.59,5.42,0.36,34.08,641.13,28.00
1686668016,3.05,93856.72,5.29,0.37,34.08,641.21,30.00
1686668017,2.95,93860.75,5.37,0.35,34.07,640.85,30.00
1686668020,2.99,93858.75,5.44,0.36,34.08,641.03,30.00
1686668023,3.06,93860.77,5.29,0.37,34.07,640.85,30.00
1686668025,3.09,93858.10,5.42,0.37,34.08,641.09,30.00
1686668028,3.09,93861.64,5.46,0.37,34.08,640.91,30.00
1686668030,3.02,93859.95,5.43,0.36,34.08,640.92,30.00
1686668038,3.06,93859.75,5.43,0.37,34.07,640.94,30.00
1686668040,3.06,93859.41,5.33,0.37,34.07,640.97,30.00
1686668042,3.02,93859.09,5.49,0.36,34.08,641.00,30.00
1686668044,2.94,93860.94,5.28,0.35,34.07,640.84,30.00
1686668045,3.10,93862.08,5.43,0.37,34.07,640.73,30.00
1686668050,3.02,93862.39,5.44,0.36,34.06,640.71,30.00
1686668052,2.89,93857.47,5.36,0.35,34.06,641.14,30.00
1686668053,3.04,93861.72,5.42,0.37,34.06,640.77,30.00
1686668056,3.05,93859.84,5.43,0.37,34.06,640.93,30.00
1686668060,3.04,93860.88,5.31,0.36,34.06,640.84,30.00
1686668063,3.02,93858.37,5.38,0.36,34.07,641.06,30.00
1686668064,2.94,93859.55,5.28,0.35,34.07,640.96,30.00
1686668066,3.04,93859.41,5.39,0.37,34.07,640.97,30.00
1686668068,3.06,93858.68,5.35,0.37,34.06,641.04,30.00
1686668070,2.94,93860.89,5.29,0.35,34.07,640.84,30.00
1686668071,3.02,93858.88,5.34,0.36,34.07,641.02,30.00
1686668078,3.00,93860.72,5.38,0.36,34.07,640.86,30.00
1686668080,2.94,93860.58,5.21,0.35,34.07,640.87,30.00
1686668082,3.02,93860.09,5.32,0.36,34.07,640.91,28.00
1686668086,3.03,93862.92,5.23,0.36,34.07,640.66,28.00
1686668088,3.01,93862.59,5.30,0.36,34.07,640.69,28.00
1686668095,2.94,93862.26,5.43,0.35,34.07,640.72,28.00
1686668098,3.05,93856.71,5.35,0.37,34.07,641.21,28.00
1686668102,3.02,93862.14,5.35,0.36,34.08,640.73,28.00
1686668105,3.02,93860.63,5.33,0.36,34.08,640.86,28.00
1686668107,2.96,93861.43,5.21,0.36,34.07,640.79,28.00
1686668108,2.99,93864.66,5.28,0.36,34.07,640.51,28.00
1686668110,2.94,93861.95,5.22,0.35,34.07,640.75,28.00
1686668113,3.01,93862.64,5.36,0.36,34.08,640.68,28.00
1686668119,3.02,93864.98,5.21,0.36,34.07,640.48,28.00
1686668121,2.99,93860.63,5.29,0.36,34.08,640.86,28.00
1686668126,3.06,93865.00,5.28,0.37,34.08,640.48,28.00
1686668131,3.03,93865.00,5.29,0.36,34.08,640.48,28.00
1686668133,3.02,93863.44,5.37,0.36,34.07,640.61,28.00
1686668136,3.03,93862.47,5.30,0.36,34.08,640.70,28.00
1686668137,3.09,93863.30,5.25,0.37,34.07,640.63,28.00
1686668142,3.00,93862.28,5.24,0.36,34.07,640.72,28.00
1686668144,3.02,93866.16,5.25,0.36,34.07,640.37,28.00
1686668146,2.95,93862.26,5.22,0.35,34.07,640.72,28.00
1686668149,3.06,93862.30,5.22,0.37,34.08,640.72,28.00
1686668152,3.00,93863.33,5.39,0.36,34.08,640.62,28.00
1686668153,2.94,93868.05,5.23,0.35,34.08,640.21,28.00
1686668155,3.01,93864.03,5.29,0.36,34.08,640.56,28.00
1686668157,3.05,93865.19,5.16,0.37,34.08,640.46,28.00
1686668159,2.95,93865.20,5.29,0.35,34.08,640.46,29.00
1686668161,2.93,93865.16,5.16,0.35,34.07,640.46,29.00
1686668163,3.02,93863.13,5.21,0.36,34.07,640.64,29.00
1686668165,2.94,93863.52,5.23,0.35,34.08,640.61,29.00
1686668170,3.01,93865.55,5.21,0.36,34.08,640.43,29.00
1686668173,3.02,93862.17,5.25,0.36,34.08,640.73,29.00
1686668177,3.02,93864.02,5.27,0.36,34.08,640.56,28.00
1686668179,3.08,93865.70,5.39,0.37,34.08,640.41,28.00
1686668187,3.05,93865.66,5.14,0.37,34.07,640.42,28.00
1686668190,3.02,93861.12,5.33,0.36,34.08,640.82,28.00
1686668191,2.95,93863.69,5.22,0.35,34.08,640.59,28.00
1686668194,3.02,93862.96,5.28,0.36,34.08,640.66,28.00
1686668198,3.02,93864.48,5.24,0.36,34.07,640.52,28.00
1686668200,3.01,93866.19,5.33,0.36,34.08,640.37,28.00
1686668202,3.51,93864.98,5.53,0.42,34.07,640.48,28.00
1686668204,3.41,93865.34,5.43,0.41,34.08,640.45,28.00
1686668207,3.54,93865.02,5.57,0.42,34.08,640.47,28.00
1686668210,3.53,93867.40,5.50,0.42,34.08,640.26,28.00
1686668213,3.53,93862.77,5.50,0.42,34.07,640.67,28.00
1686668214,3.44,93863.14,5.39,0.41,34.08,640.64,28.00
1686668218,3.53,93866.68,5.54,0.42,34.07,640.33,28.00
1686668222,3.55,93864.61,5.58,0.43,34.07,640.51,28.00
1686668224,3.55,93868.67,5.57,0.43,34.07,640.15,30.00
1686668226,3.50,93865.66,5.48,0.42,34.07,640.42,30.00
1686668227,3.60,93865.33,5.61,0.43,34.07,640.45,30.00
1686668230,3.52,93866.33,5.55,0.42,34.07,640.36,30.00
1686668232,3.66,93868.41,5.58,0.44,34.08,640.17,30.00
1686668237,3.50,93867.06,5.55,0.42,34.08,640.29,29.00
1686668243,3.59,93868.08,5.63,0.43,34.08,640.20,29.00
1686668248,3.55,93866.86,5.50,0.43,34.08,640.31,29.00
1686668249,3.43,93865.85,5.42,0.41,34.08,640.40,29.00
1686668255,3.55,93867.61,5.59,0.43,34.09,640.25,29.00
1686668259,3.55,93867.95,5.53,0.43,34.09,640.21,29.00
1686668264,3.61,93869.94,5.57,0.43,34.08,640.04,28.00
1686668267,3.58,93868.38,5.58,0.43,34.08,640.07,28.00
1686668269,3.66,93867.71,5.56,0.44,34.08,640.24,28.00
1686668274,3.62,93870.89,5.61,0.43,34.07,639.95,28.00
1686668278,3.61,93872.20,5.58,0.43,34.06,639.84,28.00
1686668282,3.57,93870.47,5.59,0.43,34.06,639.99,28.00
1686668283,3.50,93867.25,5.45,0.42,34.06,640.28,28.00
1686668285,3.59,93868.42,5.58,0.43,34.05,640.17,28.00
1686668288,3.51,93871.14,5.58,0.42,34.06,639.93,28.00
1686668291,3.62,93870.45,5.65,0.43,34.05,639.99,28.00
1686668294,3.68,93869.25,5.75,0.44,34.05,640.10,28.00
1686668299,3.67,93872.14,5.72,0.44,34.05,639.84,30.00
1686668301,3.61,93868.44,5.64,0.43,34.06,640.17,30.00
1686668306,3.61,93867.08,5.60,0.43,34.05,640.29,30.00
1686668309,3.61,93872.14,5.50,0.43,34.05,639.84,30.00
1686668311,3.55,93870.77,5.60,0.43,34.05,639.97,30.00
1686668313,3.58,93869.61,5.58,0.43,34.05,640.07,30.00
1686668316,3.66,93872.66,5.66,0.44,34.06,639.80,30.00
1686668318,3.66,93873.16,5.68,0.44,34.05,639.75,30.00
1686668323,3.67,93868.42,5.68,0.44,34.05,640.17,30.00
1686668326,3.68,93868.56,5.66,0.44,34.05,640.16,30.00
1686668328,3.71,93867.89,5.69,0.44,34.05,640.22,30.00
1686668331,3.67,93872.11,5.64,0.44,34.05,639.85,30.00
1686668337,3.61,93867.38,5.58,0.43,34.05,640.27,30.00
1686668341,3.68,93870.25,5.68,0.44,34.05,640.01,30.00
1686668343,3.54,93873.48,5.61,0.42,34.05,639.72,30.00
1686668344,3.71,93872.79,5.70,0.45,34.05,639.79,30.00
1686668353,3.70,93874.14,5.74,0.44,34.05,639.67,30.00
1686668355,3.60,93867.56,5.57,0.43,34.05,640.25,30.00
1686668358,3.56,93873.47,5.56,0.43,34.05,639.73,30.00
1686668363,3.66,93872.91,5.64,0.44,34.04,639.78,30.00
1686668366,3.65,93869.86,5.61,0.44,34.04,640.05,30.00
1686668367,3.56,93870.69,5.54,0.43,34.04,639.97,30.00
1686668370,3.66,93873.77,5.65,0.44,34.04,639.70,30.00
1686668375,3.62,93874.41,5.68,0.43,34.04,639.64,30.00
1686668381,3.59,93874.41,5.55,0.43,34.04,639.64,30.00
1686668386,3.75,93872.56,5.54,0.45,34.04,639.81,29.00
1686668387,3.51,93873.31,5.49,0.42,34.05,639.74,29.00
1686668391,3.62,93877.21,5.58,0.43,34.05,639.39,29.00
1686668394,3.61,93870.77,5.54,0.43,34.04,639.97,29.00
1686668396,3.61,93871.79,5.58,0.43,34.05,639.88,29.00
1686668400,3.60,93871.11,5.56,0.43,34.05,639.93,29.00
1686668403,3.60,93870.25,5.54,0.43,34.05,640.01,29.00
1686668414,3.71,93872.14,5.72,0.44,34.05,639.84,29.00
1686668416,3.66,93870.63,5.61,0.44,34.05,639.98,29.00
1686668418,3.67,93870.27,5.68,0.44,34.05,640.01,29.00
1686668420,3.60,93871.69,5.69,0.43,34.06,639.88,29.00
1686668422,3.68,93873.34,5.68,0.44,34.06,639.74,29.00
1686668425,3.65,93873.55,5.63,0.44,34.06,639.72,29.00
1686668428,3.19,93873.05,5.66,0.38,34.06,639.76,28.00
1686668430,3.60,93874.42,5.58,0.43,34.07,639.64,28.00
1686668437,3.66,93873.00,5.67,0.44,34.06,639.77,29.00
1686668439,3.63,93872.51,5.59,0.44,34.06,639.81,29.00
1686668440,3.68,93873.34,5.68,0.44,34.06,639.74,29.00
1686668445,3.66,93873.48,5.68,0.44,34.05,639.72,28.00
1686668448,3.65,93874.65,5.65,0.44,34.05,639.62,28.00
1686668451,3.67,93876.72,5.65,0.44,34.06,639.44,28.00
1686668461,3.65,93872.80,5.66,0.44,34.05,639.79,28.00
1686668463,3.61,93874.66,5.58,0.43,34.05,639.62,28.00
1686668473,3.67,93877.65,5.67,0.44,34.04,639.36,28.00
1686668480,3.65,93875.63,5.64,0.44,34.04,639.54,29.00
1686668483,3.67,93873.81,5.65,0.44,34.05,639.70,29.00
1686668485,3.48,93873.25,5.43,0.42,34.04,639.75,28.00
1686668488,3.62,93872.47,5.59,0.43,34.05,639.81,28.00
1686668492,3.63,93872.45,5.60,0.44,34.05,639.82,28.00
1686668493,3.55,93873.13,5.49,0.43,34.05,639.76,28.00
1686668496,3.60,93871.10,5.62,0.43,34.05,639.94,28.00
1686668503,3.65,93874.32,5.67,0.44,34.05,639.65,28.00
1686668505,3.60,93876.30,5.60,0.43,34.04,639.48,28.00
1686668506,3.50,93873.91,5.52,0.42,34.04,639.69,28.00
1686668509,3.65,93873.14,5.59,0.44,34.04,639.76,29.00
1686668517,3.61,93874.33,5.58,0.43,34.05,639.65,29.00
1686668520,3.57,93875.58,5.49,0.43,34.06,639.54,29.00
1686668523,3.61,93875.07,5.55,0.43,34.06,639.58,28.00
1686668524,3.51,93876.28,5.66,0.42,34.07,639.48,28.00
1686668532,3.64,93874.56,5.59,0.44,34.06,639.63,28.00
1686668535,3.61,93876.39,5.58,0.43,34.06,639.47,28.00
1686668538,3.67,93872.53,5.54,0.44,34.06,639.81,28.00
1686668542,3.65,93871.09,5.57,0.44,34.08,639.94,28.00
1686668545,3.61,93873.48,5.56,0.43,34.08,639.72,28.00
1686668549,3.60,93875.52,5.53,0.43,34.08,639.54,28.00
1686668555,3.60,93876.38,5.57,0.43,34.08,639.47,28.00
1686668557,3.61,93878.89,5.57,0.43,34.08,639.25,28.00
1686668564,3.68,93876.59,5.52,0.44,34.06,639.45,29.00
1686668567,3.61,93875.75,5.42,0.43,34.06,639.52,28.00
1686668568,3.50,93875.93,5.37,0.42,34.07,639.51,28.00
1686668571,3.65,93875.61,5.56,0.44,34.07,639.54,29.00
1686668574,3.57,93875.10,5.54,0.43,34.07,639.58,29.00
1686668578,3.67,93875.45,5.64,0.44,34.07,639.55,28.00
1686668580,3.69,93877.30,5.53,0.44,34.07,639.39,28.00
1686668582,3.57,93876.47,5.37,0.43,34.07,639.46,28.00
1686668590,3.55,93879.78,5.54,0.43,34.06,639.17,28.00
1686668592,3.56,93876.21,5.46,0.43,34.06,639.48,28.00
1686668594,3.53,93874.38,5.40,0.42,34.06,639.65,28.00
1686668596,3.45,93875.38,5.29,0.41,34.06,639.56,28.00
1686668598,3.67,93874.72,5.43,0.44,34.06,639.62,28.00
1686668600,3.53,93875.89,5.45,0.42,34.06,639.51,28.00
1686668604,3.53,93875.00,5.42,0.42,34.05,639.59,28.00
1686668607,3.54,93875.24,5.44,0.42,34.06,639.57,29.00
1686668613,3.54,93875.42,5.43,0.42,34.07,639.55,28.00
1686668615,3.53,93875.77,5.43,0.42,34.07,639.52,28.00
1686668619,3.54,93874.73,5.37,0.42,34.06,639.61,28.00
1686668622,3.48,93876.26,5.38,0.42,34.06,639.48,28.00
1686668625,3.53,93877.59,5.39,0.42,34.06,639.36,28.00
1686668627,3.36,93876.75,5.27,0.40,34.06,639.44,28.00
1686668628,3.65,93877.38,5.46,0.44,34.05,639.38,28.00
1686668631,3.55,93875.84,5.47,0.43,34.05,639.52,28.00
1686668637,3.02,93877.52,5.21,0.36,34.05,639.43,29.00
1686668640,3.07,93876.38,5.14,0.37,34.06,639.47,28.00
1686668642,2.96,93875.67,5.11,0.35,34.05,639.53,28.00
1686668644,3.03,93877.24,5.14,0.36,34.06,639.39,28.00
1686668645,2.96,93873.86,5.08,0.36,34.06,639.69,28.00
1686668647,3.05,93875.41,5.20,0.37,34.06,639.55,28.00
1686668648,2.95,93878.28,5.06,0.35,34.06,639.30,28.00
1686668650,3.06,93877.95,5.19,0.37,34.06,639.33,28.00
1686668658,3.53,93876.86,5.41,0.42,34.05,639.43,28.00
1686668660,3.54,93879.05,5.44,0.42,34.05,639.23,28.00
1686668664,3.54,93877.55,5.40,0.42,34.05,639.37,29.00
1686668668,3.56,93876.34,5.48,0.43,34.04,639.47,28.00
1686668670,3.39,93878.39,5.35,0.41,34.05,639.29,28.00
1686668675,3.47,93879.22,5.43,0.42,34.05,639.22,28.00
1686668680,3.60,93878.30,5.36,0.43,34.04,639.30,28.00
1686668684,3.54,93878.70,5.43,0.42,34.05,639.26,28.00
1686668688,3.54,93879.56,5.45,0.42,34.05,639.19,28.00
1686668690,3.48,93880.39,5.36,0.42,34.05,639.11,28.00
1686668696,3.53,93879.21,5.44,0.42,34.05,639.22,28.00
1686668697,3.48,93879.20,5.36,0.42,34.04,639.22,28.00
1686668699,3.56,93879.17,5.53,0.43,34.04,639.22,28.00
1686668701,3.67,93880.48,5.46,0.44,34.04,639.10,28.00
1686668705,3.54,93879.98,5.44,0.42,34.04,639.15,28.00
1686668708,3.55,93878.58,5.43,0.43,34.03,639.27,28.00
1686668714,3.53,93882.30,5.45,0.42,34.03,638.94,28.00
1686668716,3.55,93879.92,5.45,0.43,34.03,639.15,28.00
1686668720,3.54,93877.56,5.44,0.42,34.03,639.36,28.00
1686668721,3.27,93880.80,5.43,0.39,34.03,639.08,28.00
1686668725,3.04,93879.45,5.07,0.37,34.03,639.20,28.00
1686668727,2.94,93877.62,4.82,0.24,34.04,639.36,28.00
1686668728,3.09,93880.63,5.14,0.37,34.03,639.09,28.00
1686668730,3.01,93879.63,5.08,0.36,34.03,639.18,28.00
1686668737,3.03,93878.05,5.12,0.36,34.02,639.32,28.00
1686668739,3.02,93877.73,5.14,0.36,34.02,639.35,28.00
1686668742,3.07,93878.41,5.21,0.37,34.03,639.29,28.00
1686668745,3.05,93881.61,5.16,0.37,34.02,639.00,28.00
1686668748,3.00,93880.42,5.17,0.36,34.02,639.11,28.00
1686668753,3.08,93881.28,5.07,0.37,34.02,639.03,28.00
1686668754,2.99,93879.39,5.09,0.36,34.02,639.20,28.00
1686668759,3.02,93882.88,5.18,0.36,34.01,638.89,28.00
1686668766,3.52,93879.14,5.43,0.42,34.01,639.22,28.00
1686668769,3.50,93880.83,5.39,0.42,34.01,639.07,28.00
1686668773,3.41,93876.92,5.31,0.41,34.00,639.42,28.00
1686668777,3.38,93879.84,5.39,0.41,34.01,639.16,28.00
1686668780,3.50,93883.80,5.40,0.42,34.02,638.81,28.00
1686668783,3.53,93882.30,5.46,0.42,34.02,638.94,28.00
1686668785,3.52,93882.45,5.41,0.42,34.02,638.93,28.00
1686668788,3.51,93883.12,5.35,0.42,34.02,638.87,28.00
1686668793,3.53,93881.45,5.35,0.42,34.02,639.02,28.00
1686668797,3.65,93879.98,5.38,0.44,34.01,639.15,28.00
1686668799,3.43,93879.99,5.29,0.41,34.01,639.15,28.00
1686668801,3.47,93880.99,5.35,0.42,34.01,639.06,28.00
1686668804,3.48,93882.04,5.38,0.42,34.01,638.97,28.00
1686668810,3.50,93883.73,5.43,0.42,34.01,638.82,28.00
1686668811,3.72,93878.45,5.28,0.45,34.00,639.29,28.00
1686668818,3.54,93878.77,5.41,0.42,34.00,639.26,28.00
1686668821,3.58,93879.84,5.50,0.43,34.01,639.16,28.00
1686668824,3.48,93881.52,5.34,0.42,34.01,639.01,28.00
1686668827,3.48,93880.67,5.41,0.42,34.01,639.09,28.00
1686668828,3.44,93880.02,5.33,0.41,34.01,639.12,28.00
1686668830,3.55,93884.20,5.43,0.43,34.01,638.78,28.00
1686668832,3.50,93879.81,5.28,0.42,34.01,639.16,28.00
1686668833,3.58,93881.02,5.45,0.43,34.01,639.06,28.00
1686668835,3.46,93882.34,5.33,0.42,34.01,638.94,28.00
1686668844,3.81,93882.00,5.46,0.46,34.01,638.97,28.00
1686668847,3.54,93884.06,5.46,0.42,34.01,638.79,28.00
1686668852,3.43,93885.23,5.43,0.41,34.01,638.68,28.00
1686668854,3.61,93888.06,5.46,0.43,34.00,638.43,28.00
1686668856,3.50,93883.16,5.36,0.42,34.00,638.87,28.00
1686668857,3.57,93881.99,5.48,0.43,34.00,638.97,28.00
1686668860,3.53,93881.12,5.38,0.42,34.00,639.05,28.00
1686668864,3.44,93887.37,5.36,0.41,33.99,638.50,28.00
1686668872,3.32,93884.16,5.29,0.40,33.99,638.78,28.00
1686668874,3.46,93881.95,5.32,0.42,33.99,638.97,28.00
1686668875,3.46,93883.66,5.37,0.42,34.00,638.82,28.00
1686668878,3.53,93881.63,5.42,0.42,33.99,639.00,28.00
1686668880,3.09,93886.51,5.15,0.37,33.99,638.57,28.00
1686668882,2.94,93884.66,5.08,0.35,33.99,638.74,28.00
1686668884,2.90,93886.31,5.17,0.35,33.99,638.59,28.00
1686668887,3.08,93887.44,5.14,0.37,33.98,638.49,28.00
1686668895,2.99,93886.31,5.11,0.36,33.99,638.59,28.00
1686668898,3.53,93884.62,5.45,0.42,33.99,638.74,28.00
1686668901,3.53,93887.61,5.46,0.42,33.98,638.73,28.00
1686668903,3.52,93888.51,5.46,0.42,33.99,638.39,28.00
1686668906,3.52,93883.91,5.42,0.42,33.98,638.80,28.00
1686668910,3.57,93881.41,5.48,0.43,33.99,639.02,28.00
1686668911,3.03,93883.20,5.14,0.36,33.98,638.86,28.00
1686668914,3.17,93881.78,5.37,0.38,33.99,638.99,28.00
1686668918,3.06,93881.26,5.44,0.37,33.99,639.04,28.00
1686668922,3.32,93883.63,5.22,0.40,33.99,638.83,28.00
1686668924,3.26,93883.96,5.51,0.39,33.99,638.80,28.00
1686668925,3.09,93885.63,5.68,0.37,33.99,638.65,28.00
1686668930,3.34,93888.45,5.18,0.40,33.98,638.40,28.00
1686668933,3.38,93884.06,5.24,0.41,33.98,638.79,28.00
1686668935,3.33,93883.48,5.17,0.40,33.99,638.84,28.00
1686668936,3.25,93882.12,5.24,0.39,33.99,638.96,28.00
1686668943,3.08,93887.68,5.16,0.37,33.99,638.47,28.00
1686668945,3.17,93886.14,5.16,0.38,33.99,638.60,28.00
1686668947,3.15,93889.52,5.21,0.38,33.99,638.27,28.00
1686668950,3.41,93881.08,5.26,0.41,33.99,639.05,28.00
1686668952,3.38,93882.64,5.31,0.41,33.99,638.91,28.00
1686668954,3.29,93886.00,5.15,0.39,33.99,638.62,28.00
1686668957,3.39,93884.68,5.23,0.41,34.00,638.73,28.00
1686668961,3.29,93885.33,5.69,0.39,33.99,638.68,28.00
1686668970,3.12,93883.15,5.30,0.37,33.99,638.87,28.00
1686668974,3.04,93884.67,5.28,0.37,33.99,638.73,28.00
1686668976,2.95,93884.69,5.57,0.35,34.00,638.73,28.00
1686668978,3.38,93884.47,5.64,0.41,33.99,638.75,28.00
1686668983,3.09,93891.89,5.59,0.37,33.99,638.10,28.00
1686668990,3.09,93888.61,5.32,0.37,33.98,638.38,28.00
1686668994,3.12,93881.00,5.28,0.37,33.98,639.06,28.00
1686668996,3.01,93888.95,5.14,0.36,33.98,638.36,28.00
1686669003,3.10,93881.53,5.28,0.37,33.98,639.01,28.00
1686669006,3.23,93885.56,5.24,0.39,33.98,638.66,28.00
1686669009,3.31,93888.11,5.62,0.40,33.98,638.43,28.00
1686669011,3.03,93884.06,5.53,0.36,33.98,638.79,28.00
1686669017,3.01,93889.14,5.56,0.36,33.98,638.34,28.00
1686669020,3.23,93888.09,5.58,0.39,33.98,638.43,28.00
1686669023,3.03,93887.34,5.43,0.36,33.99,638.50,28.00
1686669025,3.22,93886.17,5.28,0.39,33.99,638.60,28.00
1686669032,3.18,93891.47,5.49,0.38,34.00,638.13,28.00
1686669034,2.96,93890.45,5.50,0.36,34.01,638.22,28.00
1686669035,3.21,93885.89,5.64,0.39,34.01,638.63,28.00
1686669036,2.99,93891.12,5.42,0.36,34.00,638.16,28.00
1686669038,3.09,93888.91,5.37,0.37,34.00,638.36,28.00
1686669042,3.10,93885.86,5.52,0.37,34.00,638.63,28.00
1686669044,2.95,93886.20,5.46,0.35,34.00,638.60,28.00
1686669045,3.02,93886.39,5.57,0.36,34.00,638.58,28.00
1686669050,3.03,93886.42,5.63,0.36,34.01,638.58,28.00
1686669053,3.07,93884.23,5.57,0.37,34.01,638.77,28.00
1686669054,3.04,93884.25,5.54,0.36,34.01,638.77,28.00
1686669056,3.09,93887.17,5.59,0.37,34.02,638.51,28.00
1686669059,3.07,93884.81,5.56,0.37,34.02,638.72,28.00
1686669061,3.06,93885.32,5.19,0.37,34.02,638.68,28.00
1686669065,3.24,93884.67,5.31,0.39,34.03,638.73,28.00
1686669066,2.99,93887.38,5.40,0.36,34.03,638.49,28.00
1686669072,3.08,93885.91,5.55,0.37,34.04,638.62,27.00
1686669076,3.06,93886.55,5.57,0.37,34.03,638.57,27.00
1686669079,3.33,93890.74,5.26,0.40,34.03,638.20,27.00
1686669084,3.12,93888.81,5.36,0.37,34.01,638.37,27.00
1686669087,3.09,93886.94,5.29,0.37,34.01,638.53,28.00
1686669089,3.23,93888.92,5.43,0.39,34.00,638.36,28.00
1686669093,3.10,93885.70,5.54,0.37,34.00,638.64,28.00
1686669095,3.08,93891.13,5.54,0.37,34.01,638.16,28.00
1686669101,3.04,93891.45,5.52,0.36,34.00,638.13,28.00
1686669104,3.10,93885.70,5.64,0.37,34.00,638.64,28.00
1686669110,3.10,93888.89,5.46,0.37,33.99,638.36,28.00
1686669112,3.05,93888.39,5.70,0.37,34.00,638.40,28.00
1686669115,3.00,93887.84,5.58,0.36,33.99,638.45,28.00
1686669118,3.09,93890.03,5.35,0.37,33.99,638.26,28.00
1686669121,3.07,93890.39,5.60,0.37,33.99,638.23,28.00
1686669123,2.96,93889.02,5.57,0.36,33.99,638.35,28.00
1686669127,3.18,93888.69,5.58,0.38,33.99,638.38,28.00
1686669129,3.07,93892.75,5.19,0.37,33.99,638.02,28.00
1686669130,3.14,93888.52,5.70,0.38,33.99,638.39,27.00
1686669132,3.23,93892.58,5.53,0.39,33.99,638.03,27.00
1686669134,3.28,93890.08,5.27,0.39,33.99,638.26,27.00
1686669136,3.03,93893.28,5.55,0.36,34.00,637.97,27.00
1686669139,3.10,93891.51,5.55,0.37,33.98,638.13,27.00
1686669141,3.08,93892.52,5.53,0.37,33.98,638.00,27.00
1686669151,3.21,93890.50,5.64,0.39,33.98,638.22,27.00
1686669152,2.95,93890.33,5.60,0.35,33.98,638.23,27.00
1686669154,3.03,93891.33,5.57,0.36,33.98,638.14,27.00
1686669157,3.00,93892.33,5.58,0.36,33.98,638.06,27.00
1686669163,3.02,93890.70,5.53,0.36,33.98,638.20,27.00
1686669166,3.02,93891.38,5.60,0.36,33.99,638.14,27.00
1686669169,3.03,93888.22,5.59,0.36,33.99,638.42,27.00
1686669171,3.02,93892.83,5.43,0.36,34.01,638.01,27.00
1686669176,3.18,93893.88,5.58,0.38,34.01,637.92,27.00
1686669182,3.09,93894.19,5.43,0.37,34.01,637.89,27.00
1686669185,2.97,93893.14,5.60,0.36,34.00,637.98,27.00
1686669187,3.13,93896.17,5.65,0.38,34.00,637.72,27.00
1686669190,3.04,93896.20,5.59,0.37,34.01,637.71,27.00
1686669193,3.07,93894.68,5.65,0.37,34.01,637.85,27.00
1686669195,3.03,93892.64,5.60,0.36,34.00,638.03,28.00
1686669199,3.23,93893.45,5.60,0.39,34.00,637.96,28.00
1686669205,3.11,93895.66,5.58,0.37,34.00,637.76,28.00
1686669209,3.07,93893.41,5.68,0.37,33.99,637.96,28.00
1686669212,3.05,93889.37,5.65,0.37,33.99,638.32,28.00
1686669213,2.99,93890.66,5.51,0.36,33.98,638.20,28.00
1686669215,3.02,93894.22,5.50,0.36,33.98,637.89,28.00
1686669219,3.02,93891.47,5.56,0.36,33.98,638.13,28.00
1686669221,3.05,93888.59,5.33,0.37,33.98,638.39,28.00
1686669223,3.05,93892.30,5.61,0.37,33.97,638.06,28.00
1686669229,3.05,93894.34,5.62,0.37,33.97,637.88,27.00
1686669232,3.02,93895.17,5.28,0.36,33.97,637.80,27.00
1686669236,3.68,93891.78,5.70,0.44,33.97,638.10,27.00
1686669239,3.89,93892.83,5.78,0.47,33.98,638.01,27.00
1686669240,3.67,93894.02,5.68,0.44,33.98,637.91,27.00
1686669242,3.75,93888.94,5.81,0.45,33.98,638.36,27.00
1686669245,3.83,93896.37,5.80,0.46,33.98,637.70,27.00
1686669250,3.77,93891.97,5.82,0.45,33.98,638.09,27.00
1686669260,3.87,93889.02,5.96,0.46,33.99,638.35,27.00
1686669265,3.65,93894.10,5.64,0.44,33.99,637.90,27.00
1686669268,3.87,93889.97,5.90,0.46,33.98,638.27,27.00
1686669271,3.70,93894.02,5.69,0.44,33.98,637.91,27.00
1686669272,3.77,93892.67,5.83,0.45,33.98,638.03,27.00
1686669275,3.89,93891.16,5.97,0.47,33.98,638.16,27.00
1686669278,3.82,93891.38,5.87,0.46,33.99,638.14,27.00
1686669285,3.82,93891.41,5.85,0.46,33.99,638.14,27.00
1686669292,3.70,93894.52,5.77,0.44,33.98,637.86,27.00
1686669294,3.85,93892.19,5.88,0.46,33.98,638.07,27.00
1686669296,4.11,93891.67,5.82,0.49,33.98,638.11,27.00
1686669299,3.86,93892.31,5.88,0.46,33.98,638.06,27.00
1686669301,3.88,93893.34,5.92,0.47,33.98,637.97,27.00
1686669306,3.78,93892.80,5.72,0.45,33.97,638.01,27.00
1686669310,3.88,93891.47,5.84,0.47,33.98,638.13,27.00
1686669315,3.17,93895.22,5.39,0.38,33.98,637.80,27.00
1686669322,3.02,93895.52,5.27,0.36,33.98,637.77,27.00
1686669325,3.04,93894.16,5.27,0.36,33.97,637.89,27.00
1686669327,2.99,93894.18,5.29,0.36,33.98,637.89,27.00
1686669331,2.98,93893.00,5.33,0.36,33.98,638.00,27.00
1686669333,2.95,93897.66,5.15,0.35,33.99,637.58,27.00
1686669336,3.02,93893.45,5.32,0.36,33.99,637.96,27.00
1686669338,3.03,93895.94,5.43,0.36,33.99,637.74,27.00
1686669341,3.03,93898.02,5.36,0.36,34.00,637.55,27.00
1686669347,3.81,93894.80,5.87,0.46,34.00,637.84,27.00
1686669350,3.82,93893.91,5.86,0.46,33.99,637.92,27.00
1686669351,3.75,93894.59,5.75,0.45,33.99,637.86,27.00
1686669354,3.76,93892.93,5.81,0.45,33.99,638.03,27.00
1686669356,3.81,93889.48,5.76,0.46,33.98,638.31,27.00
1686669359,3.87,93892.58,5.84,0.46,33.99,637.99,27.00
1686669360,3.85,93893.03,5.81,0.46,33.98,637.99,27.00
1686669363,3.84,93894.52,5.93,0.46,33.98,637.86,27.00
1686669367,3.92,93894.52,5.97,0.47,33.98,637.86,27.00
1686669371,3.35,93895.05,5.22,0.40,33.98,637.82,27.00
1686669372,3.95,93894.16,6.26,0.47,33.97,637.89,27.00
1686669379,4.02,93896.91,6.34,0.48,33.98,637.65,27.00
1686669386,3.97,93897.20,6.00,0.48,33.97,637.62,27.00
1686669390,4.09,93893.28,6.03,0.49,33.96,637.97,27.00
1686669392,4.07,93894.98,6.06,0.49,33.97,637.82,27.00
1686669395,3.99,93893.95,6.21,0.48,33.96,637.91,27.00
1686669403,3.98,93897.17,6.17,0.48,33.97,637.63,27.00
1686669407,4.01,93900.36,6.02,0.48,33.96,637.34,27.00
1686669409,4.01,93895.41,6.10,0.48,33.96,637.78,27.00
1686669415,4.07,93900.02,6.23,0.49,33.96,637.37,27.00
1686669416,3.87,93897.98,5.87,0.46,33.96,637.55,27.00
1686669418,4.01,93897.94,5.72,0.48,33.96,637.56,27.00
1686669419,3.83,93898.11,5.84,0.46,33.96,637.54,27.00
1686669423,3.89,93900.08,5.95,0.47,33.98,637.37,27.00
1686669427,4.05,93900.22,6.10,0.49,33.97,637.36,27.00
1686669429,3.92,93900.74,6.31,0.47,33.97,637.31,27.00
1686669432,3.98,93901.03,6.34,0.48,33.96,637.29,27.00
1686669433,3.96,93900.76,6.21,0.47,33.97,637.34,27.00
1686669435,3.85,93900.55,5.73,0.46,33.96,637.33,27.00
1686669438,3.02,93901.74,0.00,0.24,33.97,637.22,27.00
1686669440,3.13,93904.28,0.00,0.25,33.97,636.97,27.00
1686669441,3.16,93903.42,0.00,0.25,33.96,637.07,27.00
1686669444,3.15,93903.42,0.00,0.25,33.96,637.07,27.00
1686669446,3.08,93900.39,0.00,0.25,33.97,637.34,27.00
1686669448,3.19,93903.94,0.00,0.26,33.97,637.03,27.00
1686669450,3.13,93904.43,0.00,0.25,33.96,636.98,27.00
1686669453,3.14,93906.12,0.00,0.25,33.96,636.84,27.00
1686669454,3.11,93902.43,0.00,0.25,33.97,637.16,27.00
1686669457,3.15,93903.43,0.00,0.25,33.97,637.07,27.00
1686669460,3.16,93905.80,0.00,0.25,33.97,636.86,27.00
1686669465,3.15,93901.25,0.00,0.25,33.97,637.27,28.00
1686669467,3.07,93903.45,0.00,0.25,33.97,637.07,28.00
1686669468,3.08,93903.78,0.00,0.25,33.97,637.04,27.00
1686669474,3.03,93904.98,0.00,0.24,33.97,636.94,27.00
1686669476,3.07,93899.23,0.00,0.25,33.98,637.44,27.00
1686669480,3.14,93902.46,0.00,0.25,33.98,637.16,27.00
1686669481,3.09,93901.94,0.00,0.25,33.98,637.21,27.00
1686669484,3.15,93904.66,0.00,0.25,33.98,636.96,28.00
1686669490,3.13,93898.70,0.00,0.25,33.97,637.49,28.00
1686669495,3.15,93900.74,0.00,0.25,33.97,637.37,27.00
1686669498,3.18,93900.23,0.00,0.25,33.97,637.36,27.00
1686669500,3.07,93901.08,0.00,0.25,33.97,637.28,27.00
1686669505,3.15,93904.16,0.00,0.25,33.98,637.01,27.00
1686669508,3.13,93902.62,0.00,0.25,33.97,637.14,27.00
1686669513,3.13,93899.73,0.00,0.25,33.97,637.40,27.00
1686669516,3.09,93903.13,0.00,0.25,33.98,637.10,27.00
1686669520,3.14,93900.76,0.00,0.25,33.97,637.31,27.00
1686669522,3.16,93902.97,0.00,0.25,33.98,637.11,28.00
1686669525,3.12,93901.27,0.00,0.25,33.98,637.26,28.00
1686669526,3.04,93901.80,0.00,0.24,33.98,637.22,28.00
1686669530,3.13,93902.20,0.00,0.25,33.99,637.18,28.00
1686669532,3.15,93902.20,0.00,0.25,33.99,637.18,27.00
1686669535,3.14,93903.06,0.00,0.25,33.99,637.11,27.00
1686669536,3.12,93901.88,0.00,0.25,33.99,637.21,27.00
1686669552,3.07,93904.95,0.00,0.25,33.97,636.94,27.00
1686669554,3.13,93903.97,0.00,0.25,33.97,637.03,27.00
1686669556,2.99,93902.11,0.00,0.24,33.97,637.19,27.00
1686669557,3.19,93901.57,0.00,0.26,33.97,637.24,27.00
1686669559,3.04,93903.09,0.00,0.24,33.97,637.10,27.00
1686669563,3.14,93903.23,0.00,0.25,33.96,637.09,28.00
1686669572,3.15,93903.28,0.00,0.25,33.97,637.09,28.00
1686669577,3.15,93901.23,0.00,0.25,33.97,637.27,28.00
1686669581,3.23,93900.95,0.00,0.26,33.98,637.29,27.00
1686669585,3.23,93901.42,0.00,0.26,33.97,637.25,27.00
1686669589,3.10,93903.13,0.00,0.25,33.98,637.10,27.00
1686669591,3.11,93901.08,0.00,0.25,33.97,637.28,27.00
1686669601,3.14,93904.23,0.00,0.25,33.99,637.00,27.00
1686669602,3.09,93901.52,0.00,0.25,33.99,637.24,27.00
1686669604,3.13,93907.48,0.00,0.25,33.99,636.71,27.00
1686669605,3.09,93904.25,0.00,0.25,33.99,637.00,27.00
1686669615,3.14,93904.23,0.00,0.25,33.99,637.00,27.00
1686669619,3.13,93904.86,0.00,0.25,33.98,636.95,27.00
1686669622,3.12,93910.03,0.00,0.25,34.00,636.49,27.00
1686669627,3.14,93905.79,0.00,0.25,33.99,636.86,27.00
1686669629,3.15,93904.44,0.00,0.25,33.99,636.98,27.00
1686669631,3.12,93904.60,0.00,0.25,33.99,636.97,27.00
1686669634,3.13,93900.80,0.00,0.25,33.98,637.31,27.00
1686669638,3.14,93904.74,0.00,0.25,33.99,636.96,27.00
1686669645,3.12,93903.81,0.00,0.25,33.98,637.04,27.00
1686669648,3.18,93903.64,0.00,0.25,33.98,637.05,27.00
1686669650,3.14,93903.00,0.00,0.25,33.98,637.11,27.00
1686669652,3.06,93905.69,0.00,0.24,33.98,636.87,27.00
1686669654,3.09,93905.67,0.00,0.25,33.98,636.87,28.00
1686669655,3.04,93904.80,0.00,0.24,33.97,636.95,28.00
1686669658,3.15,93903.47,0.00,0.25,33.98,637.07,28.00
1686669660,3.13,93902.46,0.00,0.25,33.98,637.16,28.00
1686669666,3.13,93903.13,0.00,0.25,33.98,637.10,28.00
1686669667,3.07,93899.92,0.00,0.25,33.98,637.38,28.00
1686669668,3.14,93904.16,0.00,0.25,33.98,637.01,28.00
1686669669,3.09,93903.34,0.00,0.25,33.98,637.08,28.00
1686669671,3.13,93902.87,0.00,0.25,33.99,637.12,28.00
1686669674,3.12,93905.98,0.00,0.25,33.97,636.85,28.00
1686669675,3.09,93905.99,0.00,0.25,33.98,636.85,28.00
1686669676,3.12,93908.87,0.00,0.25,33.98,636.59,27.00
1686669680,3.24,93904.80,0.00,0.26,33.97,636.95,27.00
1686669684,3.11,93904.51,0.00,0.25,33.98,636.98,27.00
1686669685,3.07,93904.34,0.00,0.25,33.98,636.99,27.00
1686669692,3.10,93905.50,0.00,0.25,33.98,636.89,27.00
1686669695,3.09,93905.86,0.00,0.25,33.98,636.86,27.00
1686669697,3.06,93905.81,0.00,0.24,33.97,636.86,27.00
1686669698,3.21,93907.50,0.00,0.26,33.97,636.71,27.00
1686669704,3.13,93906.18,0.00,0.25,33.98,636.83,27.00
1686669709,3.09,93906.34,0.00,0.25,33.98,636.81,28.00
1686669711,3.12,93907.20,0.00,0.25,33.98,636.74,28.00
1686669713,3.02,93907.05,0.00,0.24,33.98,636.75,28.00
1686669715,3.16,93907.11,0.00,0.25,33.99,636.75,28.00
1686669717,3.06,93907.81,0.00,0.24,33.99,636.68,28.00
1686669719,3.12,93903.73,0.00,0.25,33.99,637.05,28.00
