0,3.06,93601.65,2.42,0.12,34.51,663.83
0,3.05,93595.79,1.93,0.12,34.53,664.35
0,3.05,93595.54,2.38,0.12,34.54,664.37
0,3.05,93598.61,2.30,0.12,34.55,664.10
0,3.06,93600.38,2.35,0.12,34.55,663.94
0,3.05,93598.53,2.40,0.12,34.56,664.11
0,3.05,93599.75,2.43,0.12,34.58,664.00
0,3.06,93600.52,2.45,0.12,34.59,663.93
0,3.06,93599.38,2.46,0.12,34.60,664.03
0,3.05,93600.31,1.57,0.12,34.60,663.95
0,3.06,93601.84,2.09,0.12,34.60,663.81
0,3.05,93599.97,2.12,0.12,34.61,663.98
0,3.05,93601.17,2.05,0.12,34.60,663.87
0,3.05,93598.97,2.13,0.12,34.61,664.07
0,3.03,93598.63,2.03,0.12,34.61,664.10
0,3.02,93599.66,2.09,0.12,34.62,664.01
0,3.05,93602.42,2.10,0.12,34.62,663.76
0,3.05,93602.42,2.14,0.12,34.63,663.76
0,3.05,93599.22,2.03,0.12,34.63,664.04
0,3.06,93599.58,2.18,0.12,34.63,664.01
0,3.05,93598.25,2.08,0.12,34.63,664.13
0,3.05,93602.30,2.17,0.12,34.64,663.77
0,3.05,93599.97,2.03,0.12,34.65,663.98
0,3.05,93601.17,2.09,0.12,34.64,663.87
0,3.07,93603.52,1.99,0.12,34.65,663.66
0,3.05,93604.22,2.14,0.12,34.63,663.60
0,3.06,93604.16,2.06,0.12,34.64,663.61
0,3.06,93602.48,2.03,0.12,34.64,663.84
0,3.06,93602.33,2.02,0.12,34.64,663.77
0,3.05,93602.99,1.96,0.12,34.64,663.71
0,3.05,93599.63,2.02,0.12,34.63,664.01
0,3.15,93604.66,2.01,0.13,34.62,663.56
0,3.05,93603.09,1.96,0.12,34.63,663.70
0,3.04,93605.14,1.92,0.12,34.63,663.52
0,3.05,93600.25,1.94,0.12,34.63,663.95
0,3.05,93601.44,1.95,0.12,34.63,663.85
0,3.13,93601.95,1.97,0.13,34.63,663.80
0,3.05,93602.28,1.95,0.12,34.64,663.77
0,3.05,93600.81,2.01,0.12,34.63,663.90
0,3.05,93600.95,1.94,0.12,34.64,663.89
0,3.06,93603.85,1.92,0.12,34.64,663.63
0,3.04,93600.80,1.95,0.12,34.64,663.90
0,3.05,93604.19,1.93,0.12,34.64,663.60
0,3.05,93603.69,1.90,0.12,34.63,663.65
0,3.04,93602.46,1.93,0.12,34.63,663.76
0,3.05,93600.59,1.85,0.12,34.63,663.92
0,3.02,93602.45,1.95,0.12,34.63,663.76
0,3.06,93603.80,2.03,0.12,34.63,663.64
0,3.01,93604.13,1.96,0.12,34.64,663.61
0,3.04,93604.00,1.93,0.12,34.63,663.62
0,3.05,93602.47,1.94,0.12,34.64,663.76
0,3.05,93606.23,1.93,0.12,34.63,663.42
0,3.06,93601.63,1.95,0.12,34.64,663.83
0,3.05,93604.86,1.93,0.12,34.63,663.54
0,3.05,93604.32,1.92,0.12,34.63,663.59
0,3.04,93606.87,1.90,0.12,34.64,663.37
0,3.08,93602.84,1.92,0.12,34.65,663.72
0,3.05,93605.23,1.99,0.12,34.64,663.51
0,3.05,93600.98,1.89,0.12,34.63,663.89
0,3.05,93603.31,1.89,0.12,34.64,663.68
0,2.95,93600.81,1.87,0.12,34.62,663.90
0,2.83,93600.73,1.89,0.11,34.62,663.91
0,3.05,93604.79,1.90,0.12,34.62,663.55
0,3.06,93603.61,1.90,0.12,34.62,663.66
0,3.06,93603.75,1.92,0.12,34.62,663.64
0,3.05,93603.92,1.93,0.12,34.62,663.63
0,3.05,93605.28,1.92,0.12,34.62,663.51
0,3.05,93604.94,1.88,0.12,34.62,663.54
0,3.05,93604.42,1.88,0.12,34.62,663.58
0,3.05,93601.05,1.92,0.12,34.62,663.88
0,3.06,93606.95,1.87,0.12,34.61,663.36
0,3.05,93601.70,1.89,0.12,34.62,663.82
0,3.03,93602.40,1.87,0.12,34.62,663.76
0,3.06,93605.47,1.87,0.12,34.61,663.49
0,3.05,93605.59,1.88,0.12,34.61,663.54
0,3.09,93604.05,1.88,0.12,34.61,663.62
0,3.04,93605.42,1.84,0.12,34.62,663.49
0,3.06,93605.44,1.87,0.12,34.61,663.49
0,3.05,93605.73,1.87,0.12,34.60,663.47
0,3.05,93606.05,1.89,0.12,34.61,663.44
0,3.04,93609.13,1.90,0.12,34.61,663.17
0,3.06,93603.70,1.87,0.12,34.61,663.65
0,3.05,93603.38,1.89,0.12,34.62,663.68
0,3.05,93606.30,1.91,0.12,34.62,663.42
0,3.05,93605.61,1.89,0.12,34.63,663.48
0,3.13,93604.47,1.92,0.13,34.64,663.58
0,3.05,93605.87,1.89,0.12,34.63,663.45
0,3.05,93609.07,1.88,0.12,34.63,663.17
0,3.06,93605.18,1.73,0.12,34.63,663.52
0,3.03,93604.66,1.89,0.12,34.63,663.56
0,3.06,93606.20,1.87,0.12,34.63,663.43
0,3.05,93607.36,1.89,0.12,34.62,663.32
0,3.06,93607.83,1.90,0.12,34.62,663.28
0,3.08,93608.84,1.88,0.12,34.63,663.19
0,3.05,93606.49,2.31,0.12,34.62,663.40
0,3.03,93609.69,2.27,0.12,34.62,663.12
0,3.05,93606.82,2.31,0.12,34.62,663.37
0,3.05,93607.31,2.31,0.12,34.62,663.33
0,3.06,93604.95,2.30,0.12,34.61,663.54
0,3.05,93608.42,2.29,0.12,34.61,663.23
0,3.04,93608.95,2.31,0.12,34.61,663.18
0,3.18,93604.70,2.36,0.13,34.60,663.56
0,3.05,93608.44,2.27,0.12,34.60,663.23
0,3.05,93606.41,2.23,0.12,34.61,663.41
0,3.05,93611.14,2.27,0.12,34.61,662.99
0,3.05,93611.63,2.27,0.12,34.61,662.94
0,3.05,93608.94,2.29,0.12,34.61,663.18
0,3.05,93612.34,2.46,0.12,34.60,662.88
0,3.05,93608.23,2.25,0.12,34.60,663.24
0,3.05,93610.62,2.25,0.12,34.60,663.03
0,3.05,93611.28,2.46,0.12,34.61,662.97
0,3.05,93612.48,2.46,0.12,34.60,662.90
0,3.06,93605.39,2.47,0.12,34.60,663.50
0,3.06,93607.23,2.24,0.12,34.60,663.33
0,3.05,93613.48,2.27,0.12,34.60,662.78
0,3.06,93610.30,2.46,0.12,34.60,663.06
0,3.05,93609.77,2.25,0.12,34.60,663.11
0,3.02,93609.77,2.16,0.12,34.61,663.11
0,3.05,93610.48,2.24,0.12,34.61,662.98
0,3.06,93605.59,2.46,0.12,34.62,663.48
0,3.07,93608.64,2.24,0.12,34.63,663.21
0,3.05,93611.61,2.48,0.12,34.63,662.95
0,3.05,93609.37,2.47,0.12,34.63,663.14
0,3.06,93611.09,1.97,0.12,34.64,662.99
0,3.05,93613.00,2.62,0.12,34.65,662.82
0,3.06,93608.45,2.46,0.12,34.64,663.23
0,3.05,93610.97,2.24,0.12,34.60,663.00
0,3.07,93606.74,2.45,0.12,34.61,663.38
0,3.05,93610.78,2.48,0.12,34.60,663.02
0,3.06,93608.75,2.46,0.12,34.61,663.20
0,3.06,93609.44,2.49,0.12,34.61,663.14
0,3.05,93609.62,2.47,0.12,34.61,663.12
0,3.05,93611.50,2.51,0.12,34.61,662.95
0,3.07,93608.94,2.46,0.12,34.62,663.18
0,3.05,93613.03,2.23,0.12,34.62,662.82
0,3.05,93607.97,2.46,0.12,34.62,663.27
0,3.06,93607.48,2.49,0.12,34.62,663.31
0,3.05,93609.85,2.23,0.12,34.61,663.10
0,3.04,93607.78,2.23,0.12,34.62,663.28
0,3.04,93609.52,2.23,0.12,34.62,663.13
0,3.06,93612.53,2.46,0.12,34.62,662.86
0,3.06,93613.73,2.19,0.12,34.61,662.76
0,3.05,93610.64,2.46,0.12,34.61,663.03
0,3.05,93609.80,2.46,0.12,34.60,663.11
0,3.05,93612.64,2.25,0.12,34.60,662.85
0,3.03,93608.41,2.46,0.12,34.61,663.23
0,3.05,93612.16,2.29,0.12,34.60,662.97
0,3.05,93609.27,2.46,0.12,34.60,663.15
0,3.04,93610.11,2.46,0.12,34.60,663.08
0,3.05,93610.61,2.45,0.12,34.59,663.03
0,3.05,93610.22,2.46,0.12,34.59,663.07
0,3.05,93608.85,2.46,0.12,34.60,663.19
0,3.05,93607.23,2.47,0.12,34.60,663.33
0,3.05,93608.70,2.46,0.12,34.60,663.20
0,3.05,93609.77,2.36,0.12,34.61,663.11
0,3.05,93612.98,2.46,0.12,34.60,662.82
0,3.05,93613.84,2.42,0.12,34.61,663.02
0,3.05,93613.16,2.46,0.12,34.60,662.81
0,3.05,93610.12,2.47,0.12,34.61,663.08
0,3.05,93612.17,2.34,0.12,34.61,662.90
0,2.96,93611.16,2.38,0.12,34.61,662.98
0,3.05,93611.50,2.46,0.12,34.62,662.95
0,3.05,93611.71,2.23,0.12,34.62,662.94
0,3.02,93609.67,2.46,0.12,34.61,663.12
0,3.06,93610.48,2.46,0.12,34.61,663.05
0,3.05,93612.84,2.36,0.12,34.62,662.84
0,3.05,93610.36,2.24,0.12,34.62,663.06
0,3.04,93612.03,2.46,0.12,34.62,662.91
0,3.03,93609.19,2.46,0.12,34.62,663.16
0,3.03,93607.63,2.44,0.12,34.62,663.30
0,3.05,93608.33,2.45,0.12,34.62,663.24
0,3.05,93612.05,2.46,0.12,34.61,662.91
0,3.05,93607.42,2.43,0.12,34.61,663.32
0,3.05,93611.81,2.44,0.12,34.61,662.93
0,3.05,93612.02,2.37,0.12,34.62,662.91
0,3.05,93611.36,2.38,0.12,34.62,662.97
0,3.04,93610.67,2.32,0.12,34.62,663.03
0,3.05,93606.78,2.31,0.12,34.63,663.37
0,3.05,93613.63,2.36,0.12,34.63,662.77
0,3.04,93610.05,2.36,0.12,34.62,663.08
0,3.05,93612.87,2.33,0.12,34.62,662.83
0,3.15,93610.20,2.31,0.13,34.62,663.07
0,3.06,93616.29,2.31,0.12,34.61,662.53
0,3.04,93611.00,2.45,0.12,34.62,663.00
0,3.05,93613.72,2.17,0.12,34.63,662.76
0,3.05,93612.92,2.43,0.12,34.61,662.83
0,3.07,93614.67,2.34,0.12,34.59,662.67
0,3.04,93613.91,2.31,0.12,34.58,662.74
0,3.08,93612.02,2.28,0.12,34.59,662.91
0,3.05,93614.06,2.31,0.12,34.58,662.73
0,3.05,93613.55,2.24,0.12,34.60,662.77
0,3.05,93615.81,2.27,0.12,34.59,662.57
0,3.05,93614.78,2.29,0.12,34.59,662.66
0,3.05,93616.47,2.29,0.12,34.60,662.51
0,3.05,93613.50,2.17,0.12,34.59,662.78
0,3.04,93614.95,2.13,0.12,34.59,662.65
0,3.05,93613.90,2.02,0.12,34.58,662.74
0,3.02,93615.05,1.88,0.12,34.59,662.64
0,3.06,93610.18,1.94,0.12,34.59,663.07
0,3.06,93613.23,1.88,0.12,34.60,662.80
0,3.06,93612.47,2.26,0.12,34.60,662.87
0,3.05,93614.66,2.30,0.12,34.60,662.67
0,3.05,93612.31,2.24,0.12,34.60,662.88
0,3.05,93613.61,2.31,0.12,34.59,662.77
0,3.05,93616.81,2.24,0.12,34.59,662.48
0,3.05,93613.92,2.24,0.12,34.58,662.74
0,3.06,93611.84,2.23,0.12,34.57,662.92
0,3.05,93608.95,2.26,0.12,34.58,662.92
0,3.07,93612.88,2.30,0.12,34.59,662.83
0,3.05,93615.44,2.27,0.12,34.59,662.61
0,3.04,93613.05,2.22,0.12,34.59,662.82
0,3.05,93614.94,2.21,0.12,34.58,662.65
0,3.07,93611.19,2.20,0.12,34.58,662.98
0,3.05,93616.24,2.28,0.12,34.56,662.53
0,3.07,93613.78,2.31,0.12,34.57,662.75
0,3.05,93614.19,2.18,0.12,34.58,662.72
0,3.04,93615.23,2.17,0.12,34.58,662.62
0,3.06,93614.39,2.20,0.12,34.57,662.70
0,3.05,93613.80,2.16,0.12,34.55,662.75
0,3.05,93614.77,2.14,0.12,34.56,662.66
0,3.05,93616.45,2.21,0.12,34.56,662.51
0,3.04,93615.97,2.18,0.12,34.56,662.56
0,3.04,93614.27,2.23,0.12,34.55,662.71
0,3.05,93615.58,2.17,0.12,34.54,662.59
0,3.04,93617.77,2.19,0.12,34.54,662.40
0,3.04,93617.41,2.22,0.12,34.54,662.43
0,3.05,93615.06,2.17,0.12,34.54,662.64
0,3.06,93618.05,2.16,0.12,34.55,662.37
0,3.04,93620.86,2.17,0.12,34.54,662.12
0,3.05,93615.69,2.14,0.12,34.55,662.58
0,3.04,93614.75,2.18,0.12,34.55,662.67
0,3.05,93613.58,2.12,0.12,34.52,662.77
0,3.05,93618.66,2.09,0.12,34.52,662.32
0,3.07,93619.69,2.17,0.12,34.53,662.23
0,3.07,93622.08,2.03,0.12,34.53,662.02
0,3.06,93617.69,2.15,0.12,34.53,662.41
0,3.06,93619.89,2.22,0.12,34.55,662.21
0,3.05,93623.88,1.48,0.12,34.55,661.86
0,3.05,93623.36,1.13,0.12,34.55,661.90
0,3.05,93624.06,1.11,0.12,34.57,661.84
0,3.05,93622.08,1.73,0.12,34.57,662.02
0,3.05,93618.36,1.81,0.12,34.55,662.35
0,3.03,93621.01,2.09,0.12,34.56,662.11
0,3.05,93621.86,2.01,0.12,34.56,662.04
0,3.06,93622.56,2.05,0.12,34.56,661.79
0,3.05,93619.51,1.94,0.12,34.57,662.24
0,3.06,93621.75,2.06,0.12,34.57,662.04
0,3.06,93620.39,2.15,0.12,34.57,662.17
0,3.03,93621.81,2.12,0.12,34.57,662.04
0,3.05,93620.97,2.01,0.12,34.57,662.11
0,3.05,93614.54,2.12,0.12,34.57,662.69
0,3.04,93619.43,2.08,0.12,34.58,662.25
0,3.05,93618.27,2.13,0.12,34.58,662.35
0,3.05,93620.14,2.18,0.12,34.55,662.19
0,3.05,93622.72,2.07,0.12,34.56,661.96
0,3.05,93624.92,2.02,0.12,34.59,661.76
0,3.05,93628.95,2.05,0.12,34.59,661.41
0,3.07,93624.72,2.02,0.12,34.60,661.78
0,3.08,93625.16,2.12,0.12,34.61,661.74
0,3.05,93622.80,2.01,0.12,34.60,661.95
0,3.05,93627.69,2.01,0.12,34.58,661.52
0,3.05,93626.57,2.00,0.12,34.58,661.62
0,3.05,93625.20,1.98,0.12,34.59,661.74
0,3.05,93621.34,2.03,0.12,34.58,662.08
0,3.10,93620.82,2.02,0.12,34.58,662.13
0,3.05,93624.36,1.91,0.12,34.58,661.81
0,3.05,93626.23,1.96,0.12,34.56,661.65
0,3.04,93626.13,1.95,0.12,34.56,661.66
0,3.05,93624.56,1.94,0.12,34.55,661.80
0,3.05,93624.88,1.94,0.12,34.57,661.77
0,3.05,93626.48,1.92,0.12,34.56,661.62
0,3.08,93622.92,1.93,0.12,34.57,661.94
0,3.06,93625.84,1.92,0.12,34.56,661.68
0,3.07,93626.27,1.94,0.12,34.56,661.64
0,3.02,93623.24,1.96,0.12,34.57,661.91
0,3.05,93627.33,1.95,0.12,34.58,661.55
0,3.05,93625.88,1.90,0.12,34.57,661.68
0,3.04,93625.19,1.96,0.12,34.58,661.74
0,3.06,93626.22,1.94,0.12,34.58,661.65
0,3.06,93624.71,1.95,0.12,34.58,661.78
0,3.05,93623.70,1.92,0.12,34.58,661.87
0,3.06,93628.94,1.90,0.12,34.58,661.41
0,3.05,93631.31,1.88,0.12,34.59,661.20
0,3.05,93625.40,1.91,0.12,34.58,661.72
0,3.05,93625.55,2.03,0.12,34.57,661.71
0,3.04,93629.19,1.91,0.12,34.55,661.38
0,3.05,93628.44,1.95,0.12,34.56,661.45
0,3.07,93629.64,1.92,0.12,34.55,661.34
0,3.13,93628.28,1.88,0.13,34.56,661.46
0,3.06,93632.53,1.95,0.12,34.56,661.09
0,3.06,93631.16,1.90,0.12,34.57,661.21
0,3.06,93632.57,1.91,0.12,34.56,661.08
0,3.05,93630.52,1.92,0.12,34.56,661.27
0,3.05,93631.70,1.90,0.12,34.55,661.16
0,3.07,93631.00,1.92,0.12,34.57,661.22
0,3.06,93633.08,1.88,0.12,34.55,661.04
0,3.05,93631.32,1.87,0.12,34.54,661.20
0,3.06,93630.09,1.89,0.12,34.55,661.30
0,3.02,93634.70,1.89,0.12,34.55,660.90
0,3.06,93633.70,1.89,0.12,34.55,660.98
0,2.96,93631.67,1.91,0.12,34.53,661.16
0,3.05,93629.69,1.89,0.12,34.53,661.34
0,3.05,93629.86,1.86,0.12,34.53,661.33
0,3.05,93632.22,1.88,0.12,34.52,661.12
0,3.05,93630.85,1.87,0.12,34.53,661.24
0,3.04,93630.53,1.88,0.12,34.53,661.27
0,2.90,93632.40,1.88,0.12,34.53,661.10
0,3.05,93632.56,1.88,0.12,34.53,661.08
0,3.05,93630.02,1.87,0.12,34.54,661.31
0,3.05,93634.78,1.88,0.12,34.54,660.89
0,3.05,93631.73,1.90,0.12,34.52,661.16
0,3.07,93632.20,1.84,0.12,34.51,661.12
0,3.05,93634.51,1.80,0.12,34.51,660.91
0,3.05,93635.37,1.84,0.12,34.51,660.84
0,3.05,93633.17,1.80,0.12,34.51,661.03
0,3.05,93632.43,1.85,0.12,34.50,661.10
0,3.05,93633.45,1.81,0.12,34.49,661.04
0,3.06,93635.93,1.61,0.12,34.48,660.79
0,3.05,93635.55,1.83,0.12,34.47,660.82
0,3.06,93636.67,1.83,0.12,34.47,660.72
0,3.05,93631.78,1.82,0.12,34.48,661.15
0,3.05,93637.91,1.80,0.12,34.47,660.61
0,3.07,93636.85,1.81,0.12,34.47,660.70
0,2.91,93634.83,2.01,0.12,34.47,660.88
0,3.04,93638.36,1.80,0.12,34.48,660.57
0,3.05,93636.86,1.80,0.12,34.47,660.70
0,3.02,93636.69,1.77,0.12,34.47,660.72
0,3.05,93634.64,1.80,0.12,34.48,660.90
0,3.05,93637.54,1.77,0.12,34.48,660.64
0,3.07,93638.25,1.81,0.12,34.49,660.58
0,3.05,93639.80,1.81,0.12,34.49,660.44
0,3.05,93635.58,1.79,0.12,34.49,660.82
0,3.04,93636.77,1.75,0.12,34.49,660.71
0,3.05,93637.59,1.75,0.12,34.49,660.64
0,3.05,93637.78,1.73,0.12,34.47,660.62
0,3.05,93637.36,1.74,0.12,34.47,660.66
0,3.05,93639.87,1.77,0.12,34.49,660.44
0,3.05,93637.59,1.74,0.12,34.48,660.64
0,3.05,93635.86,1.73,0.12,34.48,660.79
0,3.05,93638.38,1.73,0.12,34.46,660.51
0,3.04,93639.00,1.71,0.12,34.46,660.51
0,3.06,93639.98,1.71,0.12,34.45,660.43
0,3.04,93636.59,1.73,0.12,34.46,660.73
0,3.05,93644.58,1.71,0.12,34.44,660.02
0,3.04,93643.63,1.62,0.12,34.45,660.10
0,3.05,93642.51,1.67,0.12,34.45,660.20
0,3.05,93641.50,1.63,0.12,34.45,660.29
0,3.05,93639.10,1.63,0.12,34.45,660.50
0,3.05,93639.31,1.63,0.12,34.45,660.49
0,3.05,93641.67,1.61,0.12,34.45,660.28
0,3.06,93641.51,1.62,0.12,34.45,660.29
0,3.04,93640.50,1.53,0.12,34.46,660.38
0,3.05,93644.06,1.60,0.12,34.47,660.06
0,3.05,93643.62,1.59,0.12,34.48,660.10
0,3.04,93641.80,1.58,0.12,34.48,660.26
0,3.05,93644.34,1.58,0.12,34.49,660.04
0,3.05,93641.18,1.67,0.12,34.49,660.32
0,3.05,93640.67,1.66,0.12,34.49,660.37
0,2.88,93641.84,1.49,0.12,34.51,660.26
0,3.05,93643.59,1.54,0.12,34.49,660.11
0,3.06,93641.17,1.66,0.12,34.50,660.32
0,3.07,93640.19,1.57,0.12,34.50,660.41
0,3.04,93640.88,1.55,0.12,34.50,660.35
0,3.06,93640.55,1.50,0.12,34.50,660.38
0,3.02,93643.05,1.50,0.12,34.50,660.15
0,3.05,93641.22,1.52,0.12,34.49,660.32
0,3.05,93640.67,1.45,0.12,34.49,660.37
0,3.05,93644.72,1.48,0.12,34.50,660.01
0,3.05,93641.72,1.49,0.12,34.51,660.27
0,3.02,93642.74,1.47,0.12,34.51,660.18
0,3.05,93641.45,1.45,0.12,34.51,660.30
0,3.05,93639.26,1.48,0.12,34.52,660.49
0,3.05,93639.13,1.42,0.12,34.51,660.50
0,3.05,93636.22,1.52,0.12,34.52,660.76
0,3.02,93638.77,1.44,0.12,34.52,660.53
0,3.05,93639.27,1.37,0.12,34.53,660.49
0,3.05,93642.21,1.58,0.12,34.53,660.23
0,3.05,93641.53,1.31,0.12,34.53,660.29
0,3.05,93639.83,1.34,0.12,34.52,660.44
0,3.05,93644.03,1.37,0.12,34.51,660.07
0,3.14,93639.87,1.55,0.13,34.51,660.44
0,3.04,93646.52,1.33,0.12,34.50,659.85
0,3.06,93645.44,1.32,0.12,34.50,659.94
0,3.06,93643.43,1.37,0.12,34.51,660.12
0,3.05,93639.92,1.29,0.12,34.53,660.43
0,3.06,93643.38,1.36,0.12,34.52,660.13
0,3.06,93641.83,1.33,0.12,34.52,660.26
0,3.05,93645.21,1.22,0.12,34.51,659.96
0,3.05,93646.19,1.28,0.12,34.52,659.88
0,3.05,93644.72,1.29,0.12,34.52,660.01
0,3.05,93644.20,1.27,0.12,34.52,660.05
0,3.05,93643.52,1.26,0.12,34.52,660.04
0,3.05,93645.91,1.20,0.12,34.52,659.90
0,3.05,93643.36,1.22,0.12,34.52,660.13
0,3.06,93641.30,1.17,0.12,34.52,660.31
0,3.05,93641.65,1.25,0.12,34.53,660.28
0,3.05,93639.66,1.16,0.12,34.54,660.46
0,3.06,93642.22,1.28,0.12,34.53,660.23
0,3.04,93643.56,1.16,0.12,34.54,660.11
0,3.06,93646.62,1.15,0.12,34.56,659.84
0,3.06,93646.92,1.18,0.12,34.56,659.81
0,3.05,93645.72,1.12,0.12,34.56,659.92
0,3.05,93645.91,1.13,0.12,34.56,659.90
0,3.05,93646.73,1.16,0.12,34.55,659.83
0,3.07,93645.17,1.29,0.12,34.56,659.97
0,3.06,93645.38,1.05,0.12,34.55,659.95
0,3.05,93643.84,1.07,0.12,34.55,660.08
0,3.02,93645.37,1.05,0.12,34.55,659.95
0,3.06,93644.86,1.01,0.12,34.54,659.99
0,3.04,93645.16,1.12,0.12,34.53,659.97
0,3.05,93645.77,1.21,0.12,34.52,659.91
0,3.11,93644.52,1.22,0.12,34.52,660.02
0,3.06,93645.05,1.05,0.12,34.52,659.98
0,3.05,93647.56,1.00,0.12,34.52,659.75
0,3.05,93646.20,0.99,0.12,34.53,659.87
0,3.05,93648.80,0.99,0.12,34.52,659.64
0,3.05,93646.58,0.99,0.12,34.53,659.84
0,3.02,93645.06,0.96,0.12,34.53,659.98
0,3.05,93642.55,0.94,0.12,34.52,660.03
0,3.05,93643.53,0.99,0.12,34.53,660.11
0,3.05,93647.45,1.01,0.12,34.53,659.76
0,3.07,93643.72,0.92,0.12,34.52,660.09
0,3.08,93646.07,0.92,0.12,34.52,659.89
0,3.06,93644.89,0.99,0.12,34.53,659.99
0,3.04,93645.25,0.93,0.12,34.52,659.96
0,3.05,93646.73,0.98,0.12,34.52,659.83
0,3.05,93644.36,0.90,0.12,34.51,660.04
0,3.05,93643.60,0.89,0.12,34.50,660.11
0,3.06,93645.63,0.91,0.12,34.50,659.93
0,3.08,93647.32,0.88,0.12,34.49,659.78
0,3.06,93646.77,0.99,0.12,34.51,659.82
0,3.05,93643.42,0.85,0.12,34.50,660.12
0,3.04,93643.39,0.83,0.12,34.50,660.12
0,3.05,93646.46,0.91,0.12,34.50,659.85
0,3.07,93648.51,0.84,0.12,34.50,659.67
0,3.05,93646.61,0.84,0.12,34.52,659.84
0,3.05,93649.77,0.91,0.12,34.50,659.56
0,3.05,93648.80,0.89,0.12,34.49,659.64
0,3.05,93651.33,0.89,0.12,34.50,659.42
0,3.06,93649.33,0.87,0.12,34.49,659.60
0,3.05,93649.10,0.86,0.12,34.49,659.62
0,3.05,93649.27,0.84,0.12,34.48,659.60
0,3.05,93650.43,0.84,0.12,34.48,659.48
0,3.05,93648.70,0.89,0.12,34.48,659.65
0,3.07,93649.41,0.95,0.12,34.48,659.59
0,3.07,93648.02,0.92,0.12,34.48,659.71
0,3.05,93650.77,0.85,0.12,34.48,659.47
0,3.04,93645.33,0.65,0.12,34.49,659.95
0,3.05,93648.41,0.83,0.12,34.49,659.68
0,3.04,93649.09,0.82,0.12,34.49,659.62
0,3.05,93647.06,0.83,0.12,34.48,659.80
0,3.05,93648.19,0.82,0.12,34.47,659.70
0,3.05,93647.46,0.79,0.12,34.47,659.76
0,3.28,93647.33,0.87,0.13,34.48,659.77
0,3.05,93647.88,0.77,0.12,34.48,659.73
0,3.03,93647.17,0.77,0.12,34.49,659.79
0,3.04,93648.77,0.78,0.12,34.48,659.65
0,3.05,93650.06,0.74,0.12,34.48,659.71
0,3.05,93646.54,0.76,0.12,34.48,659.84
0,3.05,93646.70,0.74,0.12,34.49,659.83
0,3.06,93648.59,0.80,0.12,34.49,659.66
0,3.05,93647.56,0.79,0.12,34.49,659.75
0,3.07,93650.63,0.68,0.12,34.49,659.48
0,3.05,93650.64,0.80,0.12,34.48,659.48
0,3.05,93648.57,0.84,0.12,34.47,659.66
0,3.01,93647.30,0.80,0.12,34.46,659.78
0,3.05,93647.11,0.78,0.12,34.46,659.79
0,3.05,93649.96,0.83,0.12,34.45,659.54
0,3.05,93648.05,0.77,0.12,34.44,659.71
0,3.06,93648.88,0.70,0.12,34.44,659.64
0,3.06,93647.69,0.72,0.12,34.44,659.74
0,3.06,93650.22,0.73,0.12,34.43,659.52
0,3.04,93646.28,0.80,0.12,34.44,659.87
0,3.03,93648.84,0.76,0.12,34.44,659.64
0,3.04,93647.33,0.76,0.12,34.44,659.77
0,3.05,93645.80,0.71,0.12,34.44,659.91
0,3.06,93650.73,0.69,0.12,34.43,659.47
0,3.00,93651.86,0.70,0.12,34.44,659.37
0,3.06,93652.56,0.77,0.12,34.43,659.31
0,3.05,93652.53,0.71,0.12,34.44,659.31
0,3.05,93648.38,0.70,0.12,34.45,659.68
0,3.02,93650.28,0.72,0.12,34.45,659.51
0,3.02,93646.36,0.65,0.12,34.45,659.86
0,3.06,93649.63,0.77,0.12,34.43,659.57
0,3.05,93651.03,0.70,0.12,34.43,659.45
0,3.00,93649.33,0.67,0.12,34.42,659.60
0,3.02,93651.64,0.65,0.12,34.42,659.39
0,3.05,93648.40,0.69,0.12,34.43,659.68
0,3.06,93650.00,0.70,0.12,34.43,659.54
0,3.06,93650.33,0.70,0.12,34.43,659.51
0,3.03,93651.00,0.67,0.12,34.44,659.45
0,3.05,93650.05,0.69,0.12,34.43,659.53
0,3.06,93648.83,0.65,0.12,34.43,659.64
0,3.06,93647.98,0.75,0.12,34.44,659.72
0,3.05,93650.73,0.70,0.12,34.44,659.47
0,3.05,93652.44,0.66,0.12,34.47,659.32
0,3.05,93651.02,0.66,0.12,34.47,659.45
0,3.05,93654.78,0.63,0.12,34.47,659.11
0,3.07,93651.91,0.64,0.12,34.47,659.37
0,3.05,93652.91,0.61,0.12,34.47,659.28
0,3.06,93651.21,0.58,0.12,34.47,659.43
0,3.04,93649.86,0.62,0.12,34.46,659.55
0,3.05,93652.35,0.60,0.12,34.47,659.33
0,3.03,93653.07,0.61,0.12,34.47,659.27
0,3.05,93649.16,0.00,0.12,34.46,659.61
0,3.06,93653.00,0.47,0.12,34.46,659.27
0,3.05,93652.68,0.43,0.12,34.47,659.30
0,3.10,93653.59,0.58,0.12,34.47,659.22
0,3.05,93652.05,0.62,0.12,34.47,659.36
0,3.05,93652.91,0.84,0.12,34.48,659.28
0,3.06,93653.60,0.64,0.12,34.48,659.22
0,3.08,93651.91,0.61,0.12,34.50,659.37
0,3.04,93652.52,0.55,0.12,34.50,659.31
0,3.05,93654.22,0.62,0.12,34.50,659.16
0,3.06,93651.35,0.61,0.12,34.50,659.42
0,3.05,93651.05,0.77,0.12,34.50,659.44
0,3.05,93654.56,0.62,0.12,34.50,659.13
0,3.05,93654.38,0.60,0.12,34.49,659.15
0,3.06,93653.53,0.61,0.12,34.50,659.04
0,3.03,93655.09,0.00,0.12,34.50,659.09
0,2.99,93655.09,0.56,0.12,34.50,659.09
0,3.07,93654.23,0.54,0.12,34.51,659.16
0,3.05,93655.09,0.53,0.12,34.51,659.09
0,3.05,93657.34,0.55,0.12,34.49,658.89
0,3.21,93652.50,0.57,0.13,34.47,659.32
0,3.06,93653.91,0.54,0.12,34.48,659.19
0,3.06,93657.02,0.51,0.12,34.47,658.91
0,3.05,93656.63,0.55,0.12,34.50,658.95
0,2.98,93656.41,0.51,0.12,34.50,658.97
0,3.05,93655.73,0.57,0.12,34.49,659.03
0,3.06,93657.89,0.53,0.12,34.48,658.84
0,3.05,93655.84,0.56,0.12,34.48,659.02
0,3.06,93653.77,0.52,0.12,34.49,659.20
0,3.05,93655.85,0.60,0.12,34.48,659.02
0,3.06,93657.16,0.51,0.12,34.48,658.90
0,3.05,93654.62,0.54,0.12,34.48,659.13
0,3.05,93658.34,0.00,0.12,34.48,658.76
0,3.04,93657.00,0.52,0.12,34.47,658.92
0,3.05,93655.78,0.48,0.12,34.47,659.02
0,3.06,93654.92,0.52,0.12,34.47,659.10
0,3.05,93652.91,0.59,0.12,34.47,659.28
0,3.05,93657.14,0.55,0.12,34.47,658.90
0,3.05,93654.07,0.48,0.12,34.47,659.18
0,3.06,93654.75,0.50,0.12,34.44,659.12
0,3.05,93656.45,0.49,0.12,34.44,658.97
0,3.05,93658.52,0.52,0.12,34.44,658.78
0,3.05,93657.14,0.51,0.12,34.44,658.90
0,3.05,93655.79,0.45,0.12,34.43,659.02
0,3.05,93658.28,0.47,0.12,34.44,658.80
0,3.05,93660.02,0.50,0.12,34.42,658.65
0,3.04,93659.23,0.40,0.12,34.41,658.72
0,2.96,93657.34,0.43,0.12,34.41,658.89
0,3.05,93661.41,0.52,0.12,34.41,658.53
0,3.06,93660.20,0.50,0.12,34.41,658.63
0,3.05,93658.70,0.43,0.12,34.41,658.77
0,3.06,93659.20,0.47,0.12,34.43,658.72
0,3.05,93656.77,0.49,0.12,34.43,658.94
0,3.04,93660.81,0.46,0.12,34.42,658.58
0,3.05,93661.48,0.45,0.12,34.43,658.52
0,3.06,93659.96,0.48,0.12,34.42,658.65
0,3.04,93659.28,0.54,0.12,34.42,658.71
0,3.06,93659.97,0.49,0.12,34.42,658.65
0,3.04,93661.08,0.50,0.12,34.41,658.55
0,3.06,93661.58,0.60,0.12,34.41,658.51
0,3.02,93659.72,0.00,0.12,34.42,658.68
0,3.05,93660.08,0.43,0.12,34.43,658.64
0,3.05,93661.16,0.43,0.12,34.43,658.58
0,3.05,93660.82,0.43,0.12,34.44,658.58
0,3.06,93662.19,0.42,0.12,34.46,658.46
0,3.05,93662.32,0.00,0.12,34.46,658.51
0,3.05,93658.75,0.43,0.12,34.46,658.57
0,3.05,93663.84,0.41,0.12,34.45,658.31
0,3.06,93659.89,0.41,0.12,34.45,658.66
0,3.06,93665.00,0.40,0.12,34.45,658.21
0,3.07,93663.66,0.40,0.12,34.44,658.33
0,3.05,93661.90,0.43,0.12,34.44,658.48
0,3.06,93662.75,0.40,0.12,34.46,658.41
0,3.06,93664.34,0.40,0.12,34.46,658.26
0,3.05,93665.87,0.00,0.12,34.45,658.13
0,3.06,93661.45,0.40,0.12,34.45,658.52
0,3.05,93663.66,0.41,0.12,34.46,658.33
0,3.04,93661.98,0.00,0.12,34.45,658.47
0,3.05,93662.29,0.43,0.12,34.45,658.45
0,3.06,93662.29,0.40,0.12,34.48,658.45
0,3.05,93663.58,0.00,0.12,34.46,658.33
0,3.05,93661.97,0.00,0.12,34.46,658.48
0,3.05,93660.28,0.40,0.12,34.46,658.63
0,3.11,93664.19,0.00,0.12,34.47,658.28
0,3.04,93664.89,0.00,0.12,34.47,658.22
0,3.05,93660.68,0.00,0.12,34.47,658.59
0,3.05,93665.06,0.00,0.12,34.46,658.20
0,3.05,93662.32,0.00,0.12,34.47,658.44
0,2.95,93665.39,0.40,0.12,34.46,658.17
0,3.04,93661.97,0.00,0.12,34.44,658.48
0,3.06,93664.27,0.40,0.12,34.46,658.27
0,3.05,93663.17,0.00,0.12,34.45,658.37
0,3.05,93662.14,0.00,0.12,34.45,658.46
0,3.03,93664.84,0.40,0.12,34.45,658.22
0,3.06,93663.66,0.40,0.12,34.46,658.33
0,3.05,93660.95,0.40,0.12,34.46,658.57
0,3.04,93661.13,0.00,0.12,34.46,658.55
0,3.06,93666.03,0.00,0.12,34.45,658.11
0,3.05,93661.46,0.00,0.12,34.44,658.52
0,3.04,93663.05,0.43,0.12,34.44,658.38
0,3.05,93665.44,0.00,0.12,34.45,658.17
0,3.05,93663.44,0.40,0.12,34.45,658.35
0,3.05,93666.48,0.43,0.12,34.44,658.07
0,3.19,93665.11,0.45,0.13,34.42,658.20
0,3.05,93660.77,0.00,0.12,34.44,658.58
0,3.05,93665.08,0.45,0.12,34.44,658.20
0,3.05,93665.27,0.45,0.12,34.43,658.18
0,3.06,93664.38,0.48,0.12,34.42,658.26
0,3.05,93666.17,0.46,0.12,34.40,658.10
0,3.05,93664.39,0.44,0.12,34.40,658.26
0,3.05,93661.35,0.45,0.12,34.41,658.53
0,3.06,93660.55,0.40,0.12,34.40,658.45
0,3.05,93662.37,0.43,0.12,34.40,658.44
0,3.02,93662.19,0.41,0.12,34.41,658.46
0,3.03,93663.39,0.45,0.12,34.40,658.35
0,3.04,93663.72,0.47,0.12,34.40,658.32
0,3.05,93664.23,0.43,0.12,34.39,658.27
0,3.05,93663.48,0.50,0.12,34.40,658.34
0,3.05,93662.53,0.42,0.12,34.40,658.43
0,3.05,93666.78,0.51,0.12,34.40,658.05
0,3.04,93665.58,0.50,0.12,34.40,658.16
0,3.05,93664.72,0.51,0.12,34.40,658.23
0,3.22,93664.41,0.46,0.13,34.40,658.09
0,3.06,93664.08,0.51,0.12,34.40,658.29
0,3.13,93662.36,0.44,0.13,34.41,658.44
0,3.05,93666.94,0.53,0.12,34.41,658.03
0,3.04,93667.13,0.47,0.12,34.40,658.02
0,3.05,93665.75,0.46,0.12,34.42,658.14
0,3.05,93663.11,0.48,0.12,34.41,658.37
0,3.05,93665.13,0.47,0.12,34.42,658.20
0,3.07,93667.50,0.41,0.12,34.42,657.99
0,3.05,93668.88,0.52,0.12,34.42,657.86
0,3.04,93667.86,0.54,0.12,34.41,657.95
0,2.92,93666.47,0.45,0.12,34.41,658.08
0,3.05,93665.42,0.47,0.12,34.41,658.17
0,3.06,93669.31,0.55,0.12,34.40,657.82
0,3.05,93666.25,0.43,0.12,34.39,658.10
0,3.02,93665.85,0.49,0.12,34.38,658.13
0,3.05,93669.18,0.48,0.12,34.38,657.84
0,3.04,93668.69,0.50,0.12,34.38,657.88
0,3.04,93669.02,0.45,0.12,34.37,657.85
0,3.05,93666.59,0.48,0.12,34.36,658.06
0,3.05,93664.84,0.50,0.12,34.37,658.22
0,3.04,93666.93,0.48,0.12,34.37,658.04
0,3.05,93668.95,0.53,0.12,34.37,657.86
0,3.05,93666.27,0.53,0.12,34.38,658.09
0,3.05,93667.81,0.46,0.12,34.38,657.96
0,3.06,93666.81,0.55,0.12,34.37,658.05
0,3.05,93669.33,0.54,0.12,34.37,657.82
0,3.05,93666.80,0.52,0.12,34.37,658.05
0,3.04,93668.66,0.47,0.12,34.37,657.88
0,3.05,93667.28,0.53,0.12,34.38,658.04
0,3.05,93667.00,0.55,0.12,34.38,658.03
0,2.80,93664.60,0.48,0.11,34.38,658.24
0,3.07,93668.67,0.52,0.12,34.37,657.99
0,3.04,93669.64,0.53,0.12,34.36,657.79
0,3.05,93669.42,0.54,0.12,34.37,657.81
0,3.04,93667.28,0.52,0.12,34.37,658.00
0,3.05,93672.37,0.49,0.12,34.37,657.55
0,3.05,93667.14,0.50,0.12,34.36,658.02
0,3.06,93669.23,0.47,0.12,34.35,657.83
0,3.05,93668.54,0.50,0.12,34.35,657.89
0,3.05,93667.52,0.47,0.12,34.35,657.98
0,3.05,93670.22,0.46,0.12,34.35,657.74
0,3.05,93669.55,0.00,0.12,34.35,657.80
0,3.05,93670.06,0.46,0.12,34.34,657.76
0,3.05,93671.55,0.42,0.12,34.35,657.63
0,3.04,93669.55,0.49,0.12,34.37,657.80
0,3.06,93670.18,0.49,0.12,34.38,657.75
0,3.05,93672.90,0.47,0.12,34.37,657.51
0,3.08,93670.18,0.48,0.12,34.37,657.75
0,3.06,93671.52,0.48,0.12,34.37,657.63
0,3.05,93673.38,0.47,0.12,34.38,657.46
0,3.05,93671.55,0.48,0.12,34.38,657.63
0,3.05,93672.23,0.00,0.12,34.38,657.56
0,3.07,93669.52,0.41,0.12,34.37,657.81
0,3.07,93673.22,0.49,0.12,34.37,657.48
0,3.05,93677.09,0.43,0.12,34.36,657.13
0,3.05,93671.95,0.00,0.12,34.35,657.59
0,3.05,93672.77,0.44,0.12,34.36,657.52
0,3.05,93672.61,0.41,0.12,34.36,657.53
0,3.05,93670.09,0.46,0.12,34.37,657.76
0,3.06,93671.66,0.48,0.12,34.36,657.62
0,3.05,93673.96,0.45,0.12,34.35,657.41
0,3.02,93672.43,0.40,0.12,34.34,657.55
0,3.05,93674.76,0.40,0.12,34.35,657.34
0,3.05,93674.09,0.43,0.12,34.36,657.40
0,3.05,93672.59,0.45,0.12,34.34,657.53
0,3.03,93671.53,0.55,0.12,34.35,657.63
0,2.98,93675.47,0.40,0.12,34.36,657.41
0,3.06,93677.50,0.00,0.12,34.35,657.10
0,3.07,93676.97,0.42,0.12,34.35,657.14
0,3.05,93675.29,0.00,0.12,34.35,657.29
0,3.05,93675.95,0.00,0.12,34.34,657.23
0,3.05,93676.78,0.00,0.12,34.33,657.16
0,3.06,93677.21,0.00,0.12,34.34,657.12
0,3.05,93675.74,0.00,0.12,34.32,657.25
0,3.06,93668.69,0.00,0.12,34.33,657.88
0,3.05,93673.14,0.00,0.12,34.33,657.48
0,3.06,93674.34,0.00,0.12,34.32,657.38
0,3.04,93678.54,0.00,0.12,34.32,657.01
0,3.05,93675.31,0.00,0.12,34.30,657.29
0,3.08,93673.01,0.00,0.12,34.31,657.50
0,3.04,93676.05,0.00,0.12,34.31,657.23
0,3.05,93675.20,0.00,0.12,34.32,657.30
0,3.06,93678.84,0.00,0.12,34.32,656.98
0,3.05,93675.80,0.00,0.12,34.32,657.25
0,3.04,93675.16,0.00,0.12,34.31,657.31
0,3.05,93678.62,0.00,0.12,34.31,657.00
0,3.05,93680.85,0.00,0.12,34.31,656.80
0,3.04,93677.44,0.00,0.12,34.30,657.10
0,3.05,93678.90,0.00,0.12,34.30,656.97
0,3.05,93681.11,0.00,0.12,34.30,656.78
0,3.08,93680.09,0.00,0.12,34.31,656.87
0,3.07,93682.34,0.00,0.12,34.31,656.67
0,3.05,93678.08,0.00,0.12,34.32,657.05
0,3.05,93682.38,0.00,0.12,34.32,656.66
0,3.05,93683.23,0.00,0.12,34.32,656.59
0,3.07,93681.39,0.00,0.12,34.32,656.75
0,3.05,93681.22,0.00,0.12,34.32,656.77
0,3.23,93680.70,0.00,0.13,34.32,656.81
0,3.05,93681.38,0.00,0.12,34.32,656.75
0,3.05,93682.23,0.00,0.12,34.31,656.68
0,3.05,93679.48,0.00,0.12,34.32,656.92
0,3.02,93683.08,0.00,0.12,34.32,656.60
0,2.82,93681.20,0.00,0.11,34.32,656.88
0,3.05,93681.72,0.00,0.12,34.31,656.72
0,3.04,93678.31,0.00,0.12,34.32,657.03
0,3.07,93681.91,0.00,0.12,34.33,656.71
0,3.05,93682.44,0.00,0.12,34.32,656.66
0,3.05,93679.36,0.00,0.12,34.32,656.93
0,3.05,93677.17,0.00,0.12,34.33,657.13
0,3.05,93681.08,0.00,0.12,34.33,656.78
0,3.05,93680.56,0.00,0.12,34.34,656.83
0,3.05,93679.45,0.00,0.12,34.34,656.92
0,3.06,93678.64,0.00,0.12,34.35,657.00
0,3.05,93681.38,0.00,0.12,34.36,656.75
0,3.05,93680.05,0.00,0.12,34.36,656.87
0,3.06,93680.38,0.00,0.12,34.36,656.84
0,2.82,93681.05,0.00,0.11,34.35,656.78
0,2.86,93680.36,0.00,0.11,34.36,656.84
0,3.07,93683.25,0.00,0.12,34.36,656.59
0,3.05,93681.58,0.00,0.12,34.36,656.74
0,3.04,93681.73,0.00,0.12,34.35,656.72
0,3.06,93681.22,0.00,0.12,34.35,656.77
0,3.05,93677.84,0.00,0.12,34.35,657.07
0,3.06,93685.27,0.00,0.12,34.36,656.41
0,2.91,93681.91,0.00,0.12,34.37,656.71
0,3.00,93685.06,0.00,0.12,34.36,656.43
0,3.06,93680.41,0.00,0.12,34.35,656.84
0,3.05,93684.77,0.00,0.12,34.35,656.45
0,3.04,93682.05,0.00,0.12,34.34,656.69
0,3.06,93683.20,0.00,0.12,34.34,656.59
0,3.05,93680.17,0.00,0.12,34.34,656.86
0,3.05,93681.17,0.00,0.12,34.34,656.77
0,3.03,93685.55,0.00,0.12,34.34,656.38
0,3.15,93683.67,0.00,0.13,34.34,656.55
0,3.05,93685.20,0.00,0.12,34.34,656.41
0,3.05,93680.17,0.00,0.12,34.34,656.86
0,3.05,93687.27,0.00,0.12,34.34,656.23
0,3.04,93682.53,0.00,0.12,34.35,656.65
0,3.05,93683.59,0.00,0.12,34.35,656.56
0,3.02,93684.09,0.00,0.12,34.34,656.51
0,3.04,93685.90,0.00,0.12,34.35,656.35
0,3.06,93684.23,0.00,0.12,34.35,656.50
0,3.00,93684.44,0.00,0.12,34.35,656.48
0,3.05,93683.23,0.00,0.12,34.35,656.59
0,3.06,93685.61,0.00,0.12,34.36,656.38
0,3.07,93684.61,0.00,0.12,34.36,656.47
0,3.05,93686.50,0.00,0.12,34.38,656.30
0,3.05,93682.87,0.00,0.12,34.38,656.62
0,3.05,93685.41,0.00,0.12,34.37,656.40
0,3.06,93684.86,0.00,0.12,34.37,656.44
0,3.06,93685.70,0.00,0.12,34.39,656.37
0,3.04,93686.95,0.00,0.12,34.37,656.26
0,3.05,93684.70,0.00,0.12,34.36,656.46
0,3.05,93684.60,0.00,0.12,34.34,656.47
0,3.05,93685.39,0.00,0.12,34.33,656.40
0,3.03,93682.77,0.00,0.12,34.31,656.63
0,2.89,93682.20,0.00,0.12,34.30,656.68
0,3.06,93687.02,0.00,0.12,34.30,656.25
0,3.05,93684.98,0.00,0.12,34.29,656.43
0,3.04,93685.78,0.00,0.12,34.29,656.36
0,3.05,93683.42,0.00,0.12,34.30,656.57
0,3.05,93685.69,0.00,0.12,34.32,656.37
0,3.05,93682.24,0.00,0.12,34.33,656.68
0,3.05,93686.48,0.00,0.12,34.35,656.30
0,3.04,93688.81,0.00,0.12,34.36,656.09
0,3.05,93686.29,0.00,0.12,34.35,656.32
0,3.05,93683.23,0.00,0.12,34.36,656.59
0,3.05,93683.61,0.00,0.12,34.37,656.56
0,3.23,93685.89,0.00,0.13,34.39,656.35
0,3.07,93689.35,0.00,0.12,34.39,656.05
0,3.06,93688.55,0.00,0.12,34.41,656.12
0,3.04,93688.09,0.00,0.12,34.42,656.19
0,3.05,93688.30,0.00,0.12,34.42,656.14
0,3.05,93691.75,0.00,0.12,34.42,655.83
0,3.10,93689.84,0.00,0.12,34.42,656.00
0,3.05,93687.14,0.00,0.12,34.43,656.24
0,3.02,93689.04,0.00,0.12,34.44,656.07
0,3.04,93689.27,0.00,0.12,34.45,656.05
0,3.04,93688.50,0.00,0.12,34.45,656.12
0,3.13,93687.28,0.00,0.13,34.45,656.23
0,3.05,93684.45,0.00,0.12,34.45,656.48
0,3.05,93684.10,0.00,0.12,34.45,656.51
0,3.06,93688.84,0.00,0.12,34.46,656.09
0,3.05,93685.49,0.00,0.12,34.47,656.39
0,3.06,93684.83,0.00,0.12,34.47,656.45
0,3.05,93687.38,0.00,0.12,34.46,656.22
0,3.05,93689.37,0.00,0.12,34.47,656.04
0,3.05,93690.09,0.00,0.12,34.48,655.98
0,3.06,93684.73,0.00,0.12,34.48,656.46
0,3.05,93686.59,0.00,0.12,34.47,656.29
0,3.05,93690.45,0.00,0.12,34.48,655.95
0,3.02,93689.28,0.00,0.12,34.48,656.05
0,3.04,93688.44,0.00,0.12,34.49,656.13
0,3.06,93689.53,0.00,0.12,34.48,656.03
0,2.99,93688.98,0.00,0.12,34.47,656.08
0,3.05,93687.75,0.00,0.12,34.47,656.19
0,3.05,93690.94,0.00,0.12,34.46,655.91
0,3.05,93689.20,0.00,0.12,34.45,656.06
0,3.05,93687.61,0.00,0.12,34.45,656.20
0,3.05,93690.87,0.00,0.12,34.47,655.91
0,3.07,93691.93,0.00,0.12,34.47,655.82
0,2.90,93689.58,0.00,0.12,34.46,656.03
0,3.05,93689.03,0.00,0.12,34.46,656.07
0,3.05,93689.54,0.00,0.12,34.45,656.03
0,3.05,93690.53,0.00,0.12,34.46,655.94
0,3.06,93689.19,0.00,0.12,34.45,656.06
0,3.05,93687.66,0.00,0.12,34.45,656.20
0,3.05,93687.63,0.00,0.12,34.44,656.20
0,3.05,93691.15,0.00,0.12,34.44,655.89
0,3.05,93686.25,0.00,0.12,34.45,656.32
0,3.05,93691.67,0.00,0.12,34.44,655.84
0,3.05,93691.66,0.00,0.12,34.45,655.84
0,3.05,93691.34,0.00,0.12,34.44,655.87
0,3.04,93691.63,0.00,0.12,34.44,655.84
0,3.05,93689.42,0.00,0.12,34.43,656.04
0,3.05,93688.21,0.00,0.12,34.43,656.15
0,3.05,93689.90,0.00,0.12,34.43,656.00
0,3.05,93692.10,0.00,0.12,34.44,655.80
0,3.31,93688.92,0.00,0.13,34.44,656.08
0,3.06,93692.50,0.00,0.12,34.44,655.77
0,3.05,93687.94,0.00,0.12,34.45,656.17
0,2.78,93692.39,0.00,0.11,34.46,655.78
0,3.05,93692.06,0.00,0.12,34.45,655.81
0,3.02,93691.01,0.00,0.12,34.45,655.90
0,3.06,93692.01,0.00,0.12,34.45,655.81
0,3.05,93693.70,0.00,0.12,34.45,655.66
0,3.05,93690.87,0.00,0.12,34.46,655.91
0,3.05,93695.95,0.00,0.12,34.46,655.46
0,3.04,93695.96,0.00,0.12,34.47,655.46
0,3.05,93692.14,0.00,0.12,34.46,655.80
0,3.06,93690.54,0.00,0.12,34.46,655.94
0,3.06,93690.06,0.00,0.12,34.47,655.98
0,3.05,93694.13,0.00,0.12,34.46,655.62
0,3.05,93694.12,0.00,0.12,34.47,655.62
0,3.05,93692.28,0.00,0.12,34.47,655.71
0,2.96,93692.61,0.00,0.12,34.47,655.76
0,3.07,93694.51,0.00,0.12,34.49,655.59
0,3.05,93691.70,0.00,0.12,34.49,655.84
0,3.05,93695.42,0.00,0.12,34.48,655.51
0,3.04,93691.33,0.00,0.12,34.49,655.87
0,3.06,93694.58,0.00,0.12,34.48,655.58
0,3.05,93695.05,0.00,0.12,34.48,655.54
0,2.96,93692.51,0.00,0.12,34.48,655.77
0,3.06,93692.51,0.00,0.12,34.48,655.77
0,3.05,93694.36,0.00,0.12,34.49,655.60
0,3.03,93694.06,0.00,0.12,34.48,655.63
0,3.05,93693.38,0.00,0.12,34.49,655.69
0,3.05,93695.95,0.00,0.12,34.50,655.46
0,3.05,93688.71,0.00,0.12,34.50,656.10
0,3.06,93694.66,0.00,0.12,34.50,655.58
0,3.04,93694.15,0.00,0.12,34.50,655.62
0,3.05,93696.19,0.00,0.12,34.50,655.44
0,3.05,93697.00,0.00,0.12,34.50,655.37
0,3.06,93694.13,0.00,0.12,34.50,655.62
0,3.05,93692.44,0.00,0.12,34.49,655.77
0,3.05,93692.22,0.00,0.12,34.49,655.79
0,3.02,93692.41,0.00,0.12,34.49,655.77
0,3.05,93694.58,0.00,0.12,34.50,655.58
0,3.05,93692.77,0.00,0.12,34.49,655.74
0,3.05,93693.94,0.00,0.12,34.49,655.64
0,3.05,93697.30,0.00,0.12,34.49,655.34
0,3.04,93695.76,0.77,0.12,34.49,655.48
0,3.05,93695.92,0.61,0.12,34.48,655.51
0,3.05,93695.20,0.61,0.12,34.49,655.53
0,3.06,93696.62,0.00,0.12,34.49,655.40
0,3.05,93695.28,0.00,0.12,34.49,655.52
0,3.05,93695.08,0.00,0.12,34.49,655.54
0,3.05,93695.45,0.00,0.12,34.49,655.51
0,3.05,93694.09,0.00,0.12,34.49,655.63
0,3.05,93699.67,0.00,0.12,34.49,655.13
0,3.05,93697.80,0.00,0.12,34.48,655.30
0,3.05,93700.65,0.00,0.12,34.48,655.04
0,3.05,93697.94,0.00,0.12,34.48,655.28
0,3.09,93697.44,0.00,0.12,34.47,655.33
0,3.21,93699.55,0.00,0.13,34.46,655.14
0,3.06,93698.16,0.00,0.12,34.47,655.26
0,3.06,93700.92,0.00,0.12,34.47,655.02
0,2.98,93697.53,0.00,0.12,34.47,655.32
0,3.05,93697.20,0.00,0.12,34.47,655.35
0,3.05,93698.20,0.00,0.12,34.47,655.26
0,3.05,93698.19,0.00,0.12,34.45,655.26
0,3.05,93698.95,0.00,0.12,34.45,655.19
0,3.04,93700.80,0.00,0.12,34.45,655.03
0,3.05,93702.51,0.00,0.12,34.45,654.88
0,3.05,93702.20,0.00,0.12,34.46,654.91
0,3.05,93700.18,0.00,0.12,34.45,655.09
0,3.05,93702.03,0.00,0.12,34.45,654.92
0,3.05,93702.89,0.00,0.12,34.45,654.84
0,3.05,93702.55,0.00,0.12,34.43,654.88
0,3.05,93699.89,0.00,0.12,34.42,655.11
0,3.05,93701.55,0.00,0.12,34.41,654.96
0,3.05,93698.94,0.00,0.12,34.43,655.20
0,3.05,93699.20,0.00,0.12,34.44,655.17
0,3.05,93699.56,0.00,0.12,34.43,655.14
0,3.05,93700.20,0.00,0.12,34.42,655.08
0,3.06,93697.77,0.00,0.12,34.38,655.30
0,3.06,93699.95,0.00,0.12,34.38,655.11
0,3.09,93699.95,0.00,0.12,34.39,655.11
0,3.05,93700.89,0.00,0.12,34.40,655.02
0,3.06,93700.56,0.00,0.12,34.41,655.05
0,2.80,93698.22,0.00,0.11,34.42,655.26
0,3.05,93697.27,0.00,0.12,34.42,655.34
0,3.05,93697.11,0.00,0.12,34.41,655.36
0,3.08,93699.58,0.00,0.12,34.41,655.14
0,3.04,93703.46,0.00,0.12,34.40,654.79
0,3.05,93700.41,0.00,0.12,34.42,655.07
0,3.06,93700.31,0.00,0.12,34.41,655.07
0,3.05,93704.67,0.00,0.12,34.42,654.69
0,3.07,93704.56,0.00,0.12,34.42,654.70
0,3.05,93698.45,0.00,0.12,34.39,655.24
0,3.04,93701.91,0.00,0.12,34.38,654.93
0,3.05,93700.10,0.00,0.12,34.38,655.09
0,3.05,93702.15,0.00,0.12,34.38,654.91
0,3.05,93703.17,0.00,0.12,34.39,654.82
0,3.05,93701.16,0.00,0.12,34.40,655.00
0,3.05,93701.93,0.00,0.12,34.41,654.93
0,3.05,93697.37,0.00,0.12,34.40,655.33
0,3.05,93702.44,0.00,0.12,34.40,654.89
0,3.05,93700.58,0.00,0.12,34.40,655.05
0,3.06,93697.53,0.00,0.12,34.41,655.32
0,3.05,93703.33,0.00,0.12,34.42,654.97
0,3.05,93703.24,0.00,0.12,34.43,654.81
0,3.05,93704.96,0.00,0.12,34.44,654.66
0,3.05,93700.95,0.00,0.12,34.43,655.02
0,2.93,93703.78,0.00,0.12,34.44,654.77
0,3.05,93700.27,0.00,0.12,34.44,655.08
0,3.05,93701.79,0.00,0.12,34.44,654.94
0,3.05,93698.21,0.00,0.12,34.44,655.26
0,3.05,93701.62,0.00,0.12,34.43,654.96
